"","unique_id","citekey","journal","stimulus_genre","model_category","stimulus_n","feature_n","participant_n","feature_source","feature_reduction_method","library_id","model_id","feature_id","data_id","experiment_id","dimension","measure","statistic","values","studyREF","model_class_id","stimulus_genre_mixed","journal_type","feature_n_categories","feature_n_complexity_genre","feature_n_complexity"
"1","yang2021an-notspecified-svm-mixed-mediaeval-1","yang2021an","   Frontiers in Psychology"," multi (pop of various genres)  ","regression",744,6670," 10 per clip (100 qualified workers)  ","  OpenSMILE  ","  back-propogation  ","not specified","svm","mixed","mediaeval","1","valence","r2","r2",0.661362230551458,"Yang et al 2021","Flexible Discriminants","MultiGenre","Psychology","Feature n > 260","Huge multigenre study","Feature n > 300"
"2","yang2021an-notspecified-svm-mixed-mediaeval-1","yang2021an","   Frontiers in Psychology"," multi (pop of various genres)  ","regression",744,6670," 10 per clip (100 qualified workers)  ","  OpenSMILE  ","  back-propogation  ","not specified","svm","mixed","mediaeval","1","arousal","r2","r2",0.752529069205968,"Yang et al 2021","Flexible Discriminants","MultiGenre","Psychology","Feature n > 260","Huge multigenre study","Feature n > 300"
"3","yang2021an-notspecified-knn-mixed-mediaeval-1","yang2021an","   Frontiers in Psychology"," multi (pop of various genres)  ","regression",744,6670," 10 per clip (100 qualified workers)  ","  OpenSMILE  ","  back-propogation  ","not specified","knn","mixed","mediaeval","1","valence","r2","r2",0.663551053047164,"Yang et al 2021","Neural Nets","MultiGenre","Psychology","Feature n > 260","Huge multigenre study","Feature n > 300"
"4","yang2021an-notspecified-knn-mixed-mediaeval-1","yang2021an","   Frontiers in Psychology"," multi (pop of various genres)  ","regression",744,6670," 10 per clip (100 qualified workers)  ","  OpenSMILE  ","  back-propogation  ","not specified","knn","mixed","mediaeval","1","arousal","r2","r2",0.766876782801514,"Yang et al 2021","Neural Nets","MultiGenre","Psychology","Feature n > 260","Huge multigenre study","Feature n > 300"
"5","yang2021an-notspecified-gmm-mixed-mediaeval-1","yang2021an","   Frontiers in Psychology"," multi (pop of various genres)  ","regression",744,6670," 10 per clip (100 qualified workers)  ","  OpenSMILE  ","  back-propogation  ","not specified","gmm","mixed","mediaeval","1","valence","r2","r2",0.650845603810919,"Yang et al 2021","Kernel Smoothing, Additive and KNN","MultiGenre","Psychology","Feature n > 260","Huge multigenre study","Feature n > 300"
"6","yang2021an-notspecified-gmm-mixed-mediaeval-1","yang2021an","   Frontiers in Psychology"," multi (pop of various genres)  ","regression",744,6670," 10 per clip (100 qualified workers)  ","  OpenSMILE  ","  back-propogation  ","not specified","gmm","mixed","mediaeval","1","arousal","r2","r2",0.755777745107647,"Yang et al 2021","Kernel Smoothing, Additive and KNN","MultiGenre","Psychology","Feature n > 260","Huge multigenre study","Feature n > 300"
"7","yang2021an-notspecified-backpropogationnn-mixed-mediaeval-1","yang2021an","   Frontiers in Psychology"," multi (pop of various genres)  ","regression",744,6670," 10 per clip (100 qualified workers)  ","  OpenSMILE  ","  back-propogation  ","not specified","backpropogation nn","mixed","mediaeval","1","valence","r2","r2",0.67646138101151,"Yang et al 2021","Neural Nets","MultiGenre","Psychology","Feature n > 260","Huge multigenre study","Feature n > 300"
"8","yang2021an-notspecified-backpropogationnn-mixed-mediaeval-1","yang2021an","   Frontiers in Psychology"," multi (pop of various genres)  ","regression",744,6670," 10 per clip (100 qualified workers)  ","  OpenSMILE  ","  back-propogation  ","not specified","backpropogation nn","mixed","mediaeval","1","arousal","r2","r2",0.792716847304257,"Yang et al 2021","Neural Nets","MultiGenre","Psychology","Feature n > 260","Huge multigenre study","Feature n > 300"
"9","yang2021an-notspecified-artificialbeecolonynn-mixed-mediaeval-1","yang2021an","   Frontiers in Psychology"," multi (pop of various genres)  ","regression",744,6670," 10 per clip (100 qualified workers)  ","  OpenSMILE  ","  back-propogation  ","not specified","artificial bee colony nn","mixed","mediaeval","1","valence","r2","r2",0.678675180038286,"Yang et al 2021","Neural Nets","MultiGenre","Psychology","Feature n > 260","Huge multigenre study","Feature n > 300"
"10","yang2021an-notspecified-artificialbeecolonynn-mixed-mediaeval-1","yang2021an","   Frontiers in Psychology"," multi (pop of various genres)  ","regression",744,6670," 10 per clip (100 qualified workers)  ","  OpenSMILE  ","  back-propogation  ","not specified","artificial bee colony nn","mixed","mediaeval","1","arousal","r2","r2",0.817740790226341,"Yang et al 2021","Neural Nets","MultiGenre","Psychology","Feature n > 260","Huge multigenre study","Feature n > 300"
"11","battcock2021in-manual-lm-score-bachwtc-1","battcock2021in","   JOURNAL OF NEW MUSIC RESEARCH"," classical  ","regression",336,3," 180  "," manual  "," none  ","manual","lm","score","bachwtc","1","valence","r2","r2",0.898888202169769,"Battcock et al 2021","Linear Methods","SingleGenre","Psychology","Feature n < 18","Small single genre study","Feature n < 30"
"12","battcock2021in-manual-lm-score-bachwtc-1","battcock2021in","   JOURNAL OF NEW MUSIC RESEARCH"," classical  ","regression",336,3," 180  "," manual  "," none  ","manual","lm","score","bachwtc","1","arousal","r2","r2",0.887693640846886,"Battcock et al 2021","Linear Methods","SingleGenre","Psychology","Feature n < 18","Small single genre study","Feature n < 30"
"13","beveridge2018po-various-rfr(internalvalidation)-mixed(midi)-popular-1","beveridge2018po","   PSYCHOLOGY OF MUSIC"," pop","regression",20,28," study 1: 196; study 2: 30 "," MIDI Toolbox, jSymbolic"," recursive feature elimination","various","rfr (internal validation)","mixed (midi)","popular","1","arousal","r2","r2",0.888819441731559,"Beveridge et al 2018","Random Forests","SingleGenre","Psychology","Feature n > 18 & < 260","Medium single genre/multigenre study","Feature n < 30"
"14","beveridge2018po-various-rfr(internalvalidation)-mixed(midi)-popular-1","beveridge2018po","   PSYCHOLOGY OF MUSIC"," pop","regression",20,28," study 1: 196; study 2: 30 "," MIDI Toolbox, jSymbolic"," recursive feature elimination","various","rfr (internal validation)","mixed (midi)","popular","1","valence","r2","r2",0.58309518948453,"Beveridge et al 2018","Random Forests","SingleGenre","Psychology","Feature n > 18 & < 260","Medium single genre/multigenre study","Feature n < 30"
"15","beveridge2018po-various-rfr(externalvalidation)-mixed(midi)-popular-1","beveridge2018po","   PSYCHOLOGY OF MUSIC"," pop","regression",20,28," study 1: 196; study 2: 30 "," MIDI Toolbox, jSymbolic"," recursive feature elimination","various","rfr (external validation)","mixed (midi)","popular","1","arousal","r2","r2",0.830662386291807,"Beveridge et al 2018","Random Forests","SingleGenre","Psychology","Feature n > 18 & < 260","Medium single genre/multigenre study","Feature n < 30"
"16","beveridge2018po-various-rfr(externalvalidation)-mixed(midi)-popular-1","beveridge2018po","   PSYCHOLOGY OF MUSIC"," pop","regression",20,28," study 1: 196; study 2: 30 "," MIDI Toolbox, jSymbolic"," recursive feature elimination","various","rfr (external validation)","mixed (midi)","popular","1","valence","r2","r2",0.781024967590665,"Beveridge et al 2018","Random Forests","SingleGenre","Psychology","Feature n > 18 & < 260","Medium single genre/multigenre study","Feature n < 30"
"17","chen2017co-various-GMM-mfcc-AMG1608-1","chen2017co","   IEEE-ACM TRANSACTIONS ON AUDIO SPEECH AND LANGUAGE PROCESSING"," pop  ","regression",1838,72," 665  "," Yaafe, MIRToolbox  "," not specified  ","various","gmm","mfcc","AMG1608","1","valence","r2","mean",0.374165738677394,"Chen et al 2017","Kernel Smoothing, Additive and KNN","SingleGenre","Psychology","Feature n > 18 & < 260","Medium single genre/multigenre study","Feature n > 30 & < 300"
"18","chen2017co-various-GMM-mfcc-AMG1608-1","chen2017co","   IEEE-ACM TRANSACTIONS ON AUDIO SPEECH AND LANGUAGE PROCESSING"," pop  ","regression",1838,72," 665  "," Yaafe, MIRToolbox  "," not specified  ","various","gmm","mfcc","AMG1608","1","arousal","r2","mean",0.781024967590665,"Chen et al 2017","Kernel Smoothing, Additive and KNN","SingleGenre","Psychology","Feature n > 18 & < 260","Medium single genre/multigenre study","Feature n > 30 & < 300"
"19","chen2017co-various-GMM-tonal-AMG1608-1","chen2017co","   IEEE-ACM TRANSACTIONS ON AUDIO SPEECH AND LANGUAGE PROCESSING"," pop  ","regression",1838,72," 665  "," Yaafe, MIRToolbox  "," not specified  ","various","gmm","tonal","AMG1608","1","valence","r2","mean",0.360555127546399,"Chen et al 2017","Kernel Smoothing, Additive and KNN","SingleGenre","Psychology","Feature n > 18 & < 260","Medium single genre/multigenre study","Feature n > 30 & < 300"
"20","chen2017co-various-GMM-tonal-AMG1608-1","chen2017co","   IEEE-ACM TRANSACTIONS ON AUDIO SPEECH AND LANGUAGE PROCESSING"," pop  ","regression",1838,72," 665  "," Yaafe, MIRToolbox  "," not specified  ","various","gmm","tonal","AMG1608","1","arousal","r2","mean",0.806225774829855,"Chen et al 2017","Kernel Smoothing, Additive and KNN","SingleGenre","Psychology","Feature n > 18 & < 260","Medium single genre/multigenre study","Feature n > 30 & < 300"
"21","chen2017co-various-GMM-spectral-AMG1608-1","chen2017co","   IEEE-ACM TRANSACTIONS ON AUDIO SPEECH AND LANGUAGE PROCESSING"," pop  ","regression",1838,72," 665  "," Yaafe, MIRToolbox  "," not specified  ","various","gmm","spectral","AMG1608","1","valence","r2","mean",0.244948974278318,"Chen et al 2017","Kernel Smoothing, Additive and KNN","SingleGenre","Psychology","Feature n > 18 & < 260","Medium single genre/multigenre study","Feature n > 30 & < 300"
"22","chen2017co-various-GMM-spectral-AMG1608-1","chen2017co","   IEEE-ACM TRANSACTIONS ON AUDIO SPEECH AND LANGUAGE PROCESSING"," pop  ","regression",1838,72," 665  "," Yaafe, MIRToolbox  "," not specified  ","various","gmm","spectral","AMG1608","1","arousal","r2","mean",0.748331477354788,"Chen et al 2017","Kernel Smoothing, Additive and KNN","SingleGenre","Psychology","Feature n > 18 & < 260","Medium single genre/multigenre study","Feature n > 30 & < 300"
"23","chen2017co-various-GMM-temporal-AMG1608-1","chen2017co","   IEEE-ACM TRANSACTIONS ON AUDIO SPEECH AND LANGUAGE PROCESSING"," pop  ","regression",1838,72," 665  "," Yaafe, MIRToolbox  "," not specified  ","various","gmm","temporal","AMG1608","1","valence","r2","mean",0.282842712474619,"Chen et al 2017","Kernel Smoothing, Additive and KNN","SingleGenre","Psychology","Feature n > 18 & < 260","Medium single genre/multigenre study","Feature n > 30 & < 300"
"24","chen2017co-various-GMM-temporal-AMG1608-1","chen2017co","   IEEE-ACM TRANSACTIONS ON AUDIO SPEECH AND LANGUAGE PROCESSING"," pop  ","regression",1838,72," 665  "," Yaafe, MIRToolbox  "," not specified  ","various","gmm","temporal","AMG1608","1","arousal","r2","mean",0.547722557505166,"Chen et al 2017","Kernel Smoothing, Additive and KNN","SingleGenre","Psychology","Feature n > 18 & < 260","Medium single genre/multigenre study","Feature n > 30 & < 300"
"25","chen2017co-various-GMM-mfcctonalspectraltemporal-AMG1608-1","chen2017co","   IEEE-ACM TRANSACTIONS ON AUDIO SPEECH AND LANGUAGE PROCESSING"," pop  ","regression",1838,72," 665  "," Yaafe, MIRToolbox  "," not specified  ","various","gmm","mfcc tonal spectral temporal","AMG1608","1","valence","r2","mean",0.387298334620742,"Chen et al 2017","Kernel Smoothing, Additive and KNN","SingleGenre","Psychology","Feature n > 18 & < 260","Medium single genre/multigenre study","Feature n > 30 & < 300"
"26","chen2017co-various-GMM-mfcctonalspectraltemporal-AMG1608-1","chen2017co","   IEEE-ACM TRANSACTIONS ON AUDIO SPEECH AND LANGUAGE PROCESSING"," pop  ","regression",1838,72," 665  "," Yaafe, MIRToolbox  "," not specified  ","various","gmm","mfcc tonal spectral temporal","AMG1608","1","arousal","r2","mean",0.818535277187245,"Chen et al 2017","Kernel Smoothing, Additive and KNN","SingleGenre","Psychology","Feature n > 18 & < 260","Medium single genre/multigenre study","Feature n > 30 & < 300"
"27","coutinho2017sh-openSMILE-LSTMNN(Denoisingautoencoders)-ComParE-various-1","coutinho2017sh","   PLOS ONE"," multi  ","regression",1020,130," MediaEval2014 = 300,   MP_db1 = 35,   MP_db2 = 39,   MP_db3 = 52,   MP_db4 = 38)   "," ComParE  ","  denoising autoencoder  ","openSMILE","lstm nn (denoising autoencoders)","ComParE","various","1","valence","r","r2",0.175,"Coutinho et al 2017","Neural Nets","MultiGenre","Psychology","Feature n > 18 & < 260","Medium single genre/multigenre study","Feature n > 30 & < 300"
"28","coutinho2017sh-openSMILE-LSTMNN(Denoisingautoencoders)-ComParE-various-1","coutinho2017sh","   PLOS ONE"," multi  ","regression",1020,130," MediaEval2014 = 300,   MP_db1 = 35,   MP_db2 = 39,   MP_db3 = 52,   MP_db4 = 38)   "," ComParE  ","  denoising autoencoder  ","openSMILE","lstm nn (denoising autoencoders)","ComParE","various","1","arousal","r","r2",0.517,"Coutinho et al 2017","Neural Nets","MultiGenre","Psychology","Feature n > 18 & < 260","Medium single genre/multigenre study","Feature n > 30 & < 300"
"29","deng2015em-various-svr-mixed-classical-1","deng2015em","   ACM TRANSACTIONS ON INTERACTIVE INTELLIGENT SYSTEMS"," classical  ","regression",275,201," 65  "," MIRToolbox, marsyas  "," graph embedding, sequential floating forward search (feature selection)  ","various","svr","mixed","classical","1","arousal","r2","r2",0.851410594249332,"Deng et al 2015","Flexible Discriminants","SingleGenre","Engineering","Feature n > 18 & < 260","Medium single genre/multigenre study","Feature n > 30 & < 300"
"30","deng2015em-various-svr-mixed-classical-1","deng2015em","   ACM TRANSACTIONS ON INTERACTIVE INTELLIGENT SYSTEMS"," classical  ","regression",275,201," 65  "," MIRToolbox, marsyas  "," graph embedding, sequential floating forward search (feature selection)  ","various","svr","mixed","classical","1","valence","r2","r2",0.782240372264178,"Deng et al 2015","Flexible Discriminants","SingleGenre","Engineering","Feature n > 18 & < 260","Medium single genre/multigenre study","Feature n > 30 & < 300"
"31","deng2015em-various-sparsebayesianregression-mixed-classical-1","deng2015em","   ACM TRANSACTIONS ON INTERACTIVE INTELLIGENT SYSTEMS"," classical  ","regression",275,201," 65  "," MIRToolbox, marsyas  "," graph embedding, sequential floating forward search (feature selection)  ","various","sparse bayesian regression","mixed","classical","1","arousal","r2","r2",0.859127464349732,"Deng et al 2015","Linear Methods","SingleGenre","Engineering","Feature n > 18 & < 260","Medium single genre/multigenre study","Feature n > 30 & < 300"
"32","deng2015em-various-sparsebayesianregression-mixed-classical-1","deng2015em","   ACM TRANSACTIONS ON INTERACTIVE INTELLIGENT SYSTEMS"," classical  ","regression",275,201," 65  "," MIRToolbox, marsyas  "," graph embedding, sequential floating forward search (feature selection)  ","various","sparse bayesian regression","mixed","classical","1","valence","r2","r2",0.793473376995095,"Deng et al 2015","Linear Methods","SingleGenre","Engineering","Feature n > 18 & < 260","Medium single genre/multigenre study","Feature n > 30 & < 300"
"33","deng2015em-various-variationalbayesianregression-mixed-classical-1","deng2015em","   ACM TRANSACTIONS ON INTERACTIVE INTELLIGENT SYSTEMS"," classical  ","regression",275,201," 65  "," MIRToolbox, marsyas  "," graph embedding, sequential floating forward search (feature selection)  ","various","variational bayesian regression","mixed","classical","1","arousal","r2","r2",0.84308955633432,"Deng et al 2015","Linear Methods","SingleGenre","Engineering","Feature n > 18 & < 260","Medium single genre/multigenre study","Feature n > 30 & < 300"
"34","deng2015em-various-variationalbayesianregression-mixed-classical-1","deng2015em","   ACM TRANSACTIONS ON INTERACTIVE INTELLIGENT SYSTEMS"," classical  ","regression",275,201," 65  "," MIRToolbox, marsyas  "," graph embedding, sequential floating forward search (feature selection)  ","various","variational bayesian regression","mixed","classical","1","valence","r2","r2",0.795487272054054,"Deng et al 2015","Linear Methods","SingleGenre","Engineering","Feature n > 18 & < 260","Medium single genre/multigenre study","Feature n > 30 & < 300"
"35","gingras2014be-various-pls-intensity-new-2(amplitudenormalized)","gingras2014be","   Quarterly Journal of Experimental Psychology"," classical  ","regression",84,21," 60  "," mirtoolbox, praat  "," stepwise-forward procedure based on BIC  ","various","pls","intensity","new","2 (amplitude normalized)","arousal","r2","r2",0.807465169527454,"Gingras et al 2014","Linear Methods","SingleGenre","Psychology","Feature n > 18 & < 260","Medium single genre/multigenre study","Feature n < 30"
"36","gingras2014be-various-pls-intensity-new-2(amplitudenormalized)","gingras2014be","   Quarterly Journal of Experimental Psychology"," classical  ","regression",84,21," 60  "," mirtoolbox, praat  "," stepwise-forward procedure based on BIC  ","various","pls","intensity","new","2 (amplitude normalized)","valence","r2","r2",0.605805249234438,"Gingras et al 2014","Linear Methods","SingleGenre","Psychology","Feature n > 18 & < 260","Medium single genre/multigenre study","Feature n < 30"
"37","gingras2014be-various-lr-intensity-new-1","gingras2014be","   Quarterly Journal of Experimental Psychology"," classical  ","regression",84,21," 60  "," mirtoolbox, praat  "," stepwise-forward procedure based on BIC  ","various","lr","intensity","new","1","arousal","r2","adjusted",0.920869154657707,"Gingras et al 2014","Linear Methods","SingleGenre","Psychology","Feature n > 18 & < 260","Medium single genre/multigenre study","Feature n < 30"
"38","gingras2014be-various-lr-intensity-new-1","gingras2014be","   Quarterly Journal of Experimental Psychology"," classical  ","regression",84,21," 60  "," mirtoolbox, praat  "," stepwise-forward procedure based on BIC  ","various","lr","intensity","new","1","valence","r2","adjusted",0.621288982680363,"Gingras et al 2014","Linear Methods","SingleGenre","Psychology","Feature n > 18 & < 260","Medium single genre/multigenre study","Feature n < 30"
"39","gingras2014be-various-lr-intensity-new-2(amplitudenormalized)","gingras2014be","   Quarterly Journal of Experimental Psychology"," classical  ","regression",84,21," 60  "," mirtoolbox, praat  "," stepwise-forward procedure based on BIC  ","various","lr","intensity","new","2 (amplitude normalized)","arousal","r2","adjusted",0.820975030070952,"Gingras et al 2014","Linear Methods","SingleGenre","Psychology","Feature n > 18 & < 260","Medium single genre/multigenre study","Feature n < 30"
"40","gingras2014be-various-lr-intensity-new-2(amplitudenormalized)","gingras2014be","   Quarterly Journal of Experimental Psychology"," classical  ","regression",84,21," 60  "," mirtoolbox, praat  "," stepwise-forward procedure based on BIC  ","various","lr","intensity","new","2 (amplitude normalized)","valence","r2","adjusted",0.537587202228624,"Gingras et al 2014","Linear Methods","SingleGenre","Psychology","Feature n > 18 & < 260","Medium single genre/multigenre study","Feature n < 30"
"41","gingras2014be-various-lr(stepwiseforward)-intensity-new-1","gingras2014be","   Quarterly Journal of Experimental Psychology"," classical  ","regression",84,21," 60  "," mirtoolbox, praat  "," stepwise-forward procedure based on BIC  ","various","lr (stepwise forward)","intensity","new","1","arousal","r2","adjusted",0.816700679563817,"Gingras et al 2014","Linear Methods","SingleGenre","Psychology","Feature n > 18 & < 260","Medium single genre/multigenre study","Feature n < 30"
"42","gingras2014be-various-lr(stepwiseforward)-intensity-new-1","gingras2014be","   Quarterly Journal of Experimental Psychology"," classical  ","regression",84,21," 60  "," mirtoolbox, praat  "," stepwise-forward procedure based on BIC  ","various","lr (stepwise forward)","intensity","new","1","valence","r2","adjusted",0.534789678284837,"Gingras et al 2014","Linear Methods","SingleGenre","Psychology","Feature n > 18 & < 260","Medium single genre/multigenre study","Feature n < 30"
"43","gingras2014be-various-lr(stepwiseforward)-intensity-new-2(amplitudenormalized)","gingras2014be","   Quarterly Journal of Experimental Psychology"," classical  ","regression",84,21," 60  "," mirtoolbox, praat  "," stepwise-forward procedure based on BIC  ","various","lr (stepwise forward)","intensity","new","2 (amplitude normalized)","arousal","r2","adjusted",0.820975030070952,"Gingras et al 2014","Linear Methods","SingleGenre","Psychology","Feature n > 18 & < 260","Medium single genre/multigenre study","Feature n < 30"
"44","gingras2014be-various-lr(stepwiseforward)-intensity-new-2(amplitudenormalized)","gingras2014be","   Quarterly Journal of Experimental Psychology"," classical  ","regression",84,21," 60  "," mirtoolbox, praat  "," stepwise-forward procedure based on BIC  ","various","lr (stepwise forward)","intensity","new","2 (amplitude normalized)","valence","r2","adjusted",0.531977443130815,"Gingras et al 2014","Linear Methods","SingleGenre","Psychology","Feature n > 18 & < 260","Medium single genre/multigenre study","Feature n < 30"
"45","gingras2014be-various-pls-intensity-new-1","gingras2014be","   Quarterly Journal of Experimental Psychology"," classical  ","regression",84,21," 60  "," mirtoolbox, praat  "," stepwise-forward procedure based on BIC  ","various","pls","intensity","new","1","arousal","r2","r2",0.92736184954957,"Gingras et al 2014","Linear Methods","SingleGenre","Psychology","Feature n > 18 & < 260","Medium single genre/multigenre study","Feature n < 30"
"46","gingras2014be-various-pls-intensity-new-1","gingras2014be","   Quarterly Journal of Experimental Psychology"," classical  ","regression",84,21," 60  "," mirtoolbox, praat  "," stepwise-forward procedure based on BIC  ","various","pls","intensity","new","1","valence","r2","r2",0.730068489937759,"Gingras et al 2014","Linear Methods","SingleGenre","Psychology","Feature n > 18 & < 260","Medium single genre/multigenre study","Feature n < 30"
"47","grekow2018au-essentia-smoreg-essentia(noattributeselection)-new-1","grekow2018au","   JOURNAL OF INFORMATION AND TELECOMMUNICATION"," multi  ","regression",324,654," 5  "," essentia, marsyas  "," 'WrapperSubsetEval'  ","essentia","smoreg","essentia (no attribute selection)","new","1","arousal","r2","r2",0.692820323027551,"Grekow et al 2018","Flexible Discriminants","MultiGenre","Engineering","Feature n > 260","Huge multigenre study","Feature n > 300"
"48","grekow2018au-essentia-smoreg-essentia(noattributeselection)-new-1","grekow2018au","   JOURNAL OF INFORMATION AND TELECOMMUNICATION"," multi  ","regression",324,654," 5  "," essentia, marsyas  "," 'WrapperSubsetEval'  ","essentia","smoreg","essentia (no attribute selection)","new","1","valence","r2","r2",0.519615242270663,"Grekow et al 2018","Flexible Discriminants","MultiGenre","Engineering","Feature n > 260","Huge multigenre study","Feature n > 300"
"49","grekow2018au-essentia-smoreg-essentia(attributeselection)-new-1","grekow2018au","   JOURNAL OF INFORMATION AND TELECOMMUNICATION"," multi  ","regression",324,654," 5  "," essentia, marsyas  "," 'WrapperSubsetEval'  ","essentia","smoreg","essentia (attribute selection)","new","1","arousal","r2","r2",0.888819441731559,"Grekow et al 2018","Flexible Discriminants","MultiGenre","Engineering","Feature n > 260","Huge multigenre study","Feature n > 300"
"50","grekow2018au-essentia-smoreg-essentia(attributeselection)-new-1","grekow2018au","   JOURNAL OF INFORMATION AND TELECOMMUNICATION"," multi  ","regression",324,654," 5  "," essentia, marsyas  "," 'WrapperSubsetEval'  ","essentia","smoreg","essentia (attribute selection)","new","1","valence","r2","r2",0.761577310586391,"Grekow et al 2018","Flexible Discriminants","MultiGenre","Engineering","Feature n > 260","Huge multigenre study","Feature n > 300"
"51","grekow2018au-marsyas-smoreg-marsyas(noattributeselection)-new-1","grekow2018au","   JOURNAL OF INFORMATION AND TELECOMMUNICATION"," multi  ","regression",324,654," 5  "," essentia, marsyas  "," 'WrapperSubsetEval'  ","marsyas","smoreg","marsyas (no attribute selection)","new","1","arousal","r2","r2",0.793725393319377,"Grekow et al 2018","Flexible Discriminants","MultiGenre","Engineering","Feature n > 260","Huge multigenre study","Feature n > 300"
"52","grekow2018au-marsyas-smoreg-marsyas(noattributeselection)-new-1","grekow2018au","   JOURNAL OF INFORMATION AND TELECOMMUNICATION"," multi  ","regression",324,654," 5  "," essentia, marsyas  "," 'WrapperSubsetEval'  ","marsyas","smoreg","marsyas (no attribute selection)","new","1","valence","r2","r2",0.387298334620742,"Grekow et al 2018","Flexible Discriminants","MultiGenre","Engineering","Feature n > 260","Huge multigenre study","Feature n > 300"
"53","grekow2018au-marsyas-smoreg-essentia(noattributeselection)-new-1","grekow2018au","   JOURNAL OF INFORMATION AND TELECOMMUNICATION"," multi  ","regression",324,654," 5  "," essentia, marsyas  "," 'WrapperSubsetEval'  ","marsyas","smoreg","essentia (no attribute selection)","new","1","arousal","r2","r2",0.854400374531753,"Grekow et al 2018","Flexible Discriminants","MultiGenre","Engineering","Feature n > 260","Huge multigenre study","Feature n > 300"
"54","grekow2018au-marsyas-smoreg-essentia(noattributeselection)-new-1","grekow2018au","   JOURNAL OF INFORMATION AND TELECOMMUNICATION"," multi  ","regression",324,654," 5  "," essentia, marsyas  "," 'WrapperSubsetEval'  ","marsyas","smoreg","essentia (no attribute selection)","new","1","valence","r2","r2",0.5,"Grekow et al 2018","Flexible Discriminants","MultiGenre","Engineering","Feature n > 260","Huge multigenre study","Feature n > 300"
"55","grekow2018au-essentia-smoreg-lowlevel-new-1","grekow2018au","   JOURNAL OF INFORMATION AND TELECOMMUNICATION"," multi  ","regression",324,654," 5  "," essentia, marsyas  "," 'WrapperSubsetEval'  ","essentia","smoreg","lowlevel","new","1","arousal","r2","r2",0.860232526704263,"Grekow et al 2018","Flexible Discriminants","MultiGenre","Engineering","Feature n > 260","Huge multigenre study","Feature n > 300"
"56","grekow2018au-essentia-smoreg-lowlevel-new-1","grekow2018au","   JOURNAL OF INFORMATION AND TELECOMMUNICATION"," multi  ","regression",324,654," 5  "," essentia, marsyas  "," 'WrapperSubsetEval'  ","essentia","smoreg","lowlevel","new","1","valence","r2","r2",0.7,"Grekow et al 2018","Flexible Discriminants","MultiGenre","Engineering","Feature n > 260","Huge multigenre study","Feature n > 300"
"57","grekow2018au-essentia-smoreg-rhythm-new-1","grekow2018au","   JOURNAL OF INFORMATION AND TELECOMMUNICATION"," multi  ","regression",324,654," 5  "," essentia, marsyas  "," 'WrapperSubsetEval'  ","essentia","smoreg","rhythm","new","1","arousal","r2","r2",0.824621125123532,"Grekow et al 2018","Flexible Discriminants","MultiGenre","Engineering","Feature n > 260","Huge multigenre study","Feature n > 300"
"58","grekow2018au-essentia-smoreg-rhythm-new-1","grekow2018au","   JOURNAL OF INFORMATION AND TELECOMMUNICATION"," multi  ","regression",324,654," 5  "," essentia, marsyas  "," 'WrapperSubsetEval'  ","essentia","smoreg","rhythm","new","1","valence","r2","r2",0.387298334620742,"Grekow et al 2018","Flexible Discriminants","MultiGenre","Engineering","Feature n > 260","Huge multigenre study","Feature n > 300"
"59","grekow2018au-essentia-smoreg-tonal-new-1","grekow2018au","   JOURNAL OF INFORMATION AND TELECOMMUNICATION"," multi  ","regression",324,654," 5  "," essentia, marsyas  "," 'WrapperSubsetEval'  ","essentia","smoreg","tonal","new","1","arousal","r2","r2",0.728010988928052,"Grekow et al 2018","Flexible Discriminants","MultiGenre","Engineering","Feature n > 260","Huge multigenre study","Feature n > 300"
"60","grekow2018au-essentia-smoreg-tonal-new-1","grekow2018au","   JOURNAL OF INFORMATION AND TELECOMMUNICATION"," multi  ","regression",324,654," 5  "," essentia, marsyas  "," 'WrapperSubsetEval'  ","essentia","smoreg","tonal","new","1","valence","r2","r2",0.692820323027551,"Grekow et al 2018","Flexible Discriminants","MultiGenre","Engineering","Feature n > 260","Huge multigenre study","Feature n > 300"
"61","grekow2018au-essentia-smoreg-lowleveltonal-new-1","grekow2018au","   JOURNAL OF INFORMATION AND TELECOMMUNICATION"," multi  ","regression",324,654," 5  "," essentia, marsyas  "," 'WrapperSubsetEval'  ","essentia","smoreg","lowlevel tonal","new","1","arousal","r2","r2",0.860232526704263,"Grekow et al 2018","Flexible Discriminants","MultiGenre","Engineering","Feature n > 260","Huge multigenre study","Feature n > 300"
"62","grekow2018au-essentia-smoreg-lowleveltonal-new-1","grekow2018au","   JOURNAL OF INFORMATION AND TELECOMMUNICATION"," multi  ","regression",324,654," 5  "," essentia, marsyas  "," 'WrapperSubsetEval'  ","essentia","smoreg","lowlevel tonal","new","1","valence","r2","r2",0.748331477354788,"Grekow et al 2018","Flexible Discriminants","MultiGenre","Engineering","Feature n > 260","Huge multigenre study","Feature n > 300"
"63","grekow2018au-essentia-smoreg-lowlevelrhythm-new-1","grekow2018au","   JOURNAL OF INFORMATION AND TELECOMMUNICATION"," multi  ","regression",324,654," 5  "," essentia, marsyas  "," 'WrapperSubsetEval'  ","essentia","smoreg","lowlevel rhythm","new","1","arousal","r2","r2",0.888819441731559,"Grekow et al 2018","Flexible Discriminants","MultiGenre","Engineering","Feature n > 260","Huge multigenre study","Feature n > 300"
"64","grekow2018au-essentia-smoreg-lowlevelrhythm-new-1","grekow2018au","   JOURNAL OF INFORMATION AND TELECOMMUNICATION"," multi  ","regression",324,654," 5  "," essentia, marsyas  "," 'WrapperSubsetEval'  ","essentia","smoreg","lowlevel rhythm","new","1","valence","r2","r2",0.632455532033676,"Grekow et al 2018","Flexible Discriminants","MultiGenre","Engineering","Feature n > 260","Huge multigenre study","Feature n > 300"
"65","grekow2018au-essentia-smoreg-rhythmtonal-new-1","grekow2018au","   JOURNAL OF INFORMATION AND TELECOMMUNICATION"," multi  ","regression",324,654," 5  "," essentia, marsyas  "," 'WrapperSubsetEval'  ","essentia","smoreg","rhythm tonal","new","1","arousal","r2","r2",0.860232526704263,"Grekow et al 2018","Flexible Discriminants","MultiGenre","Engineering","Feature n > 260","Huge multigenre study","Feature n > 300"
"66","grekow2018au-essentia-smoreg-rhythmtonal-new-1","grekow2018au","   JOURNAL OF INFORMATION AND TELECOMMUNICATION"," multi  ","regression",324,654," 5  "," essentia, marsyas  "," 'WrapperSubsetEval'  ","essentia","smoreg","rhythm tonal","new","1","valence","r2","r2",0.721110255092798,"Grekow et al 2018","Flexible Discriminants","MultiGenre","Engineering","Feature n > 260","Huge multigenre study","Feature n > 300"
"67","grekow2018au-essentia-smoreg-lowlevelrhythmtonal-new-1","grekow2018au","   JOURNAL OF INFORMATION AND TELECOMMUNICATION"," multi  ","regression",324,654," 5  "," essentia, marsyas  "," 'WrapperSubsetEval'  ","essentia","smoreg","lowlevel rhythm tonal","new","1","arousal","r2","r2",0.888819441731559,"Grekow et al 2018","Flexible Discriminants","MultiGenre","Engineering","Feature n > 260","Huge multigenre study","Feature n > 300"
"68","grekow2018au-essentia-smoreg-lowlevelrhythmtonal-new-1","grekow2018au","   JOURNAL OF INFORMATION AND TELECOMMUNICATION"," multi  ","regression",324,654," 5  "," essentia, marsyas  "," 'WrapperSubsetEval'  ","essentia","smoreg","lowlevel rhythm tonal","new","1","valence","r2","r2",0.761577310586391,"Grekow et al 2018","Flexible Discriminants","MultiGenre","Engineering","Feature n > 260","Huge multigenre study","Feature n > 300"
"69","grekow2021mu-marsyas-lr-chroma-gtzan(validated)-1","grekow2021mu","   JOURNAL OF INTELLIGENT INFORMATION SYSTEMS"," multi  ","regression",324,653," 5  "," essentia, marsyas  "," pretrained model, neural networks  ","marsyas","lr","chroma","gtzan (validated)","1","arousal","r2","r2",0.632455532033676,"Grekow et al 2021","Linear Methods","MultiGenre","Engineering","Feature n > 260","Medium-large single genre/multigenre study","Feature n > 300"
"70","grekow2021mu-marsyas-lr-chroma-gtzan(validated)-1","grekow2021mu","   JOURNAL OF INTELLIGENT INFORMATION SYSTEMS"," multi  ","regression",324,653," 5  "," essentia, marsyas  "," pretrained model, neural networks  ","marsyas","lr","chroma","gtzan (validated)","1","valence","r2","r2",0.14142135623731,"Grekow et al 2021","Linear Methods","MultiGenre","Engineering","Feature n > 260","Medium-large single genre/multigenre study","Feature n > 300"
"71","grekow2021mu-marsyas-svr-chroma-gtzan(validated)-1","grekow2021mu","   JOURNAL OF INTELLIGENT INFORMATION SYSTEMS"," multi  ","regression",324,653," 5  "," essentia, marsyas  "," pretrained model, neural networks  ","marsyas","svr","chroma","gtzan (validated)","1","arousal","r2","r2",0.6557438524302,"Grekow et al 2021","Flexible Discriminants","MultiGenre","Engineering","Feature n > 260","Medium-large single genre/multigenre study","Feature n > 300"
"72","grekow2021mu-marsyas-svr-chroma-gtzan(validated)-1","grekow2021mu","   JOURNAL OF INTELLIGENT INFORMATION SYSTEMS"," multi  ","regression",324,653," 5  "," essentia, marsyas  "," pretrained model, neural networks  ","marsyas","svr","chroma","gtzan (validated)","1","valence","r2","r2",0.2,"Grekow et al 2021","Flexible Discriminants","MultiGenre","Engineering","Feature n > 260","Medium-large single genre/multigenre study","Feature n > 300"
"73","grekow2021mu-marsyas-rnn(1layerx124LSTMunits)-chroma-gtzan(validated)-1","grekow2021mu","   JOURNAL OF INTELLIGENT INFORMATION SYSTEMS"," multi  ","regression",324,653," 5  "," essentia, marsyas  "," pretrained model, neural networks  ","marsyas","rnn (1 layer x 124 lstm units)","chroma","gtzan (validated)","1","arousal","r2","r2",0.6557438524302,"Grekow et al 2021","Neural Nets","MultiGenre","Engineering","Feature n > 260","Medium-large single genre/multigenre study","Feature n > 300"
"74","grekow2021mu-marsyas-rnn(1layerx124LSTMunits)-chroma-gtzan(validated)-1","grekow2021mu","   JOURNAL OF INTELLIGENT INFORMATION SYSTEMS"," multi  ","regression",324,653," 5  "," essentia, marsyas  "," pretrained model, neural networks  ","marsyas","rnn (1 layer x 124 lstm units)","chroma","gtzan (validated)","1","valence","r2","r2",0.14142135623731,"Grekow et al 2021","Neural Nets","MultiGenre","Engineering","Feature n > 260","Medium-large single genre/multigenre study","Feature n > 300"
"75","grekow2021mu-marsyas-rnn(2layerx124LSTMunits)-chroma-gtzan(validated)-1","grekow2021mu","   JOURNAL OF INTELLIGENT INFORMATION SYSTEMS"," multi  ","regression",324,653," 5  "," essentia, marsyas  "," pretrained model, neural networks  ","marsyas","rnn (2 layer x 124 lstm units)","chroma","gtzan (validated)","1","arousal","r2","r2",0.692820323027551,"Grekow et al 2021","Neural Nets","MultiGenre","Engineering","Feature n > 260","Medium-large single genre/multigenre study","Feature n > 300"
"76","grekow2021mu-marsyas-rnn(2layerx124LSTMunits)-chroma-gtzan(validated)-1","grekow2021mu","   JOURNAL OF INTELLIGENT INFORMATION SYSTEMS"," multi  ","regression",324,653," 5  "," essentia, marsyas  "," pretrained model, neural networks  ","marsyas","rnn (2 layer x 124 lstm units)","chroma","gtzan (validated)","1","valence","r2","r2",0.173205080756888,"Grekow et al 2021","Neural Nets","MultiGenre","Engineering","Feature n > 260","Medium-large single genre/multigenre study","Feature n > 300"
"77","grekow2021mu-marsyas-rnn(1layerx248LSTMunits)-chroma-gtzan(validated)-1","grekow2021mu","   JOURNAL OF INTELLIGENT INFORMATION SYSTEMS"," multi  ","regression",324,653," 5  "," essentia, marsyas  "," pretrained model, neural networks  ","marsyas","rnn (1 layer x 248 lstm units)","chroma","gtzan (validated)","1","arousal","r2","r2",0.640312423743285,"Grekow et al 2021","Neural Nets","MultiGenre","Engineering","Feature n > 260","Medium-large single genre/multigenre study","Feature n > 300"
"78","grekow2021mu-marsyas-rnn(1layerx248LSTMunits)-chroma-gtzan(validated)-1","grekow2021mu","   JOURNAL OF INTELLIGENT INFORMATION SYSTEMS"," multi  ","regression",324,653," 5  "," essentia, marsyas  "," pretrained model, neural networks  ","marsyas","rnn (1 layer x 248 lstm units)","chroma","gtzan (validated)","1","valence","r2","r2",0.14142135623731,"Grekow et al 2021","Neural Nets","MultiGenre","Engineering","Feature n > 260","Medium-large single genre/multigenre study","Feature n > 300"
"79","grekow2021mu-marsyas-rnn(2layerx248LSTMunits)-chroma-gtzan(validated)-1","grekow2021mu","   JOURNAL OF INTELLIGENT INFORMATION SYSTEMS"," multi  ","regression",324,653," 5  "," essentia, marsyas  "," pretrained model, neural networks  ","marsyas","rnn (2 layer x 248 lstm units)","chroma","gtzan (validated)","1","arousal","r2","r2",0.678232998312527,"Grekow et al 2021","Neural Nets","MultiGenre","Engineering","Feature n > 260","Medium-large single genre/multigenre study","Feature n > 300"
"80","grekow2021mu-marsyas-rnn(2layerx248LSTMunits)-chroma-gtzan(validated)-1","grekow2021mu","   JOURNAL OF INTELLIGENT INFORMATION SYSTEMS"," multi  ","regression",324,653," 5  "," essentia, marsyas  "," pretrained model, neural networks  ","marsyas","rnn (2 layer x 248 lstm units)","chroma","gtzan (validated)","1","valence","r2","r2",0.14142135623731,"Grekow et al 2021","Neural Nets","MultiGenre","Engineering","Feature n > 260","Medium-large single genre/multigenre study","Feature n > 300"
"81","grekow2021mu-marsyas-lr-mfcc-gtzan(validated)-1","grekow2021mu","   JOURNAL OF INTELLIGENT INFORMATION SYSTEMS"," multi  ","regression",324,653," 5  "," essentia, marsyas  "," pretrained model, neural networks  ","marsyas","lr","mfcc","gtzan (validated)","1","arousal","r2","r2",0.781024967590665,"Grekow et al 2021","Linear Methods","MultiGenre","Engineering","Feature n > 260","Medium-large single genre/multigenre study","Feature n > 300"
"82","grekow2021mu-marsyas-lr-mfcc-gtzan(validated)-1","grekow2021mu","   JOURNAL OF INTELLIGENT INFORMATION SYSTEMS"," multi  ","regression",324,653," 5  "," essentia, marsyas  "," pretrained model, neural networks  ","marsyas","lr","mfcc","gtzan (validated)","1","valence","r2","r2",0.264575131106459,"Grekow et al 2021","Linear Methods","MultiGenre","Engineering","Feature n > 260","Medium-large single genre/multigenre study","Feature n > 300"
"83","grekow2021mu-marsyas-svr-mfcc-gtzan(validated)-1","grekow2021mu","   JOURNAL OF INTELLIGENT INFORMATION SYSTEMS"," multi  ","regression",324,653," 5  "," essentia, marsyas  "," pretrained model, neural networks  ","marsyas","svr","mfcc","gtzan (validated)","1","arousal","r2","r2",0.774596669241483,"Grekow et al 2021","Flexible Discriminants","MultiGenre","Engineering","Feature n > 260","Medium-large single genre/multigenre study","Feature n > 300"
"84","grekow2021mu-marsyas-svr-mfcc-gtzan(validated)-1","grekow2021mu","   JOURNAL OF INTELLIGENT INFORMATION SYSTEMS"," multi  ","regression",324,653," 5  "," essentia, marsyas  "," pretrained model, neural networks  ","marsyas","svr","mfcc","gtzan (validated)","1","valence","r2","r2",0.316227766016838,"Grekow et al 2021","Flexible Discriminants","MultiGenre","Engineering","Feature n > 260","Medium-large single genre/multigenre study","Feature n > 300"
"85","grekow2021mu-marsyas-rnn(1layerx124LSTMunits)-mfcc-gtzan(validated)-1","grekow2021mu","   JOURNAL OF INTELLIGENT INFORMATION SYSTEMS"," multi  ","regression",324,653," 5  "," essentia, marsyas  "," pretrained model, neural networks  ","marsyas","rnn (1 layer x 124 lstm units)","mfcc","gtzan (validated)","1","arousal","r2","r2",0.761577310586391,"Grekow et al 2021","Neural Nets","MultiGenre","Engineering","Feature n > 260","Medium-large single genre/multigenre study","Feature n > 300"
"86","grekow2021mu-marsyas-rnn(1layerx124LSTMunits)-mfcc-gtzan(validated)-1","grekow2021mu","   JOURNAL OF INTELLIGENT INFORMATION SYSTEMS"," multi  ","regression",324,653," 5  "," essentia, marsyas  "," pretrained model, neural networks  ","marsyas","rnn (1 layer x 124 lstm units)","mfcc","gtzan (validated)","1","valence","r2","r2",0.374165738677394,"Grekow et al 2021","Neural Nets","MultiGenre","Engineering","Feature n > 260","Medium-large single genre/multigenre study","Feature n > 300"
"87","grekow2021mu-marsyas-rnn(2layerx124LSTMunits)-mfcc-gtzan(validated)-1","grekow2021mu","   JOURNAL OF INTELLIGENT INFORMATION SYSTEMS"," multi  ","regression",324,653," 5  "," essentia, marsyas  "," pretrained model, neural networks  ","marsyas","rnn (2 layer x 124 lstm units)","mfcc","gtzan (validated)","1","arousal","r2","r2",0.812403840463596,"Grekow et al 2021","Neural Nets","MultiGenre","Engineering","Feature n > 260","Medium-large single genre/multigenre study","Feature n > 300"
"88","grekow2021mu-marsyas-rnn(2layerx124LSTMunits)-mfcc-gtzan(validated)-1","grekow2021mu","   JOURNAL OF INTELLIGENT INFORMATION SYSTEMS"," multi  ","regression",324,653," 5  "," essentia, marsyas  "," pretrained model, neural networks  ","marsyas","rnn (2 layer x 124 lstm units)","mfcc","gtzan (validated)","1","valence","r2","r2",0.33166247903554,"Grekow et al 2021","Neural Nets","MultiGenre","Engineering","Feature n > 260","Medium-large single genre/multigenre study","Feature n > 300"
"89","grekow2021mu-marsyas-rnn(1layerx248LSTMunits)-mfcc-gtzan(validated)-1","grekow2021mu","   JOURNAL OF INTELLIGENT INFORMATION SYSTEMS"," multi  ","regression",324,653," 5  "," essentia, marsyas  "," pretrained model, neural networks  ","marsyas","rnn (1 layer x 248 lstm units)","mfcc","gtzan (validated)","1","arousal","r2","r2",0.781024967590665,"Grekow et al 2021","Neural Nets","MultiGenre","Engineering","Feature n > 260","Medium-large single genre/multigenre study","Feature n > 300"
"90","grekow2021mu-marsyas-rnn(1layerx248LSTMunits)-mfcc-gtzan(validated)-1","grekow2021mu","   JOURNAL OF INTELLIGENT INFORMATION SYSTEMS"," multi  ","regression",324,653," 5  "," essentia, marsyas  "," pretrained model, neural networks  ","marsyas","rnn (1 layer x 248 lstm units)","mfcc","gtzan (validated)","1","valence","r2","r2",0.360555127546399,"Grekow et al 2021","Neural Nets","MultiGenre","Engineering","Feature n > 260","Medium-large single genre/multigenre study","Feature n > 300"
"91","grekow2021mu-marsyas-rnn(2layerx248LSTMunits)-mfcc-gtzan(validated)-1","grekow2021mu","   JOURNAL OF INTELLIGENT INFORMATION SYSTEMS"," multi  ","regression",324,653," 5  "," essentia, marsyas  "," pretrained model, neural networks  ","marsyas","rnn (2 layer x 248 lstm units)","mfcc","gtzan (validated)","1","arousal","r2","r2",0.8,"Grekow et al 2021","Neural Nets","MultiGenre","Engineering","Feature n > 260","Medium-large single genre/multigenre study","Feature n > 300"
"92","grekow2021mu-marsyas-rnn(2layerx248LSTMunits)-mfcc-gtzan(validated)-1","grekow2021mu","   JOURNAL OF INTELLIGENT INFORMATION SYSTEMS"," multi  ","regression",324,653," 5  "," essentia, marsyas  "," pretrained model, neural networks  ","marsyas","rnn (2 layer x 248 lstm units)","mfcc","gtzan (validated)","1","valence","r2","r2",0.374165738677394,"Grekow et al 2021","Neural Nets","MultiGenre","Engineering","Feature n > 260","Medium-large single genre/multigenre study","Feature n > 300"
"93","grekow2021mu-essentia-lr-essentia-gtzan(validated)-1","grekow2021mu","   JOURNAL OF INTELLIGENT INFORMATION SYSTEMS"," multi  ","regression",324,653," 5  "," essentia, marsyas  "," pretrained model, neural networks  ","essentia","lr","essentia","gtzan (validated)","1","arousal","r2","r2",0.264575131106459,"Grekow et al 2021","Linear Methods","MultiGenre","Engineering","Feature n > 260","Medium-large single genre/multigenre study","Feature n > 300"
"94","grekow2021mu-essentia-lr-essentia-gtzan(validated)-1","grekow2021mu","   JOURNAL OF INTELLIGENT INFORMATION SYSTEMS"," multi  ","regression",324,653," 5  "," essentia, marsyas  "," pretrained model, neural networks  ","essentia","lr","essentia","gtzan (validated)","1","valence","r2","r2",0.244948974278318,"Grekow et al 2021","Linear Methods","MultiGenre","Engineering","Feature n > 260","Medium-large single genre/multigenre study","Feature n > 300"
"95","grekow2021mu-essentia-svr-essentia-gtzan(validated)-1","grekow2021mu","   JOURNAL OF INTELLIGENT INFORMATION SYSTEMS"," multi  ","regression",324,653," 5  "," essentia, marsyas  "," pretrained model, neural networks  ","essentia","svr","essentia","gtzan (validated)","1","arousal","r2","r2",0.692820323027551,"Grekow et al 2021","Flexible Discriminants","MultiGenre","Engineering","Feature n > 260","Medium-large single genre/multigenre study","Feature n > 300"
"96","grekow2021mu-essentia-svr-essentia-gtzan(validated)-1","grekow2021mu","   JOURNAL OF INTELLIGENT INFORMATION SYSTEMS"," multi  ","regression",324,653," 5  "," essentia, marsyas  "," pretrained model, neural networks  ","essentia","svr","essentia","gtzan (validated)","1","valence","r2","r2",0.519615242270663,"Grekow et al 2021","Flexible Discriminants","MultiGenre","Engineering","Feature n > 260","Medium-large single genre/multigenre study","Feature n > 300"
"97","grekow2021mu-essentia-rnn(1layerx124LSTMunits)-essentia-gtzan(validated)-1","grekow2021mu","   JOURNAL OF INTELLIGENT INFORMATION SYSTEMS"," multi  ","regression",324,653," 5  "," essentia, marsyas  "," pretrained model, neural networks  ","essentia","rnn (1 layer x 124 lstm units)","essentia","gtzan (validated)","1","arousal","r2","r2",0.734846922834953,"Grekow et al 2021","Neural Nets","MultiGenre","Engineering","Feature n > 260","Medium-large single genre/multigenre study","Feature n > 300"
"98","grekow2021mu-essentia-rnn(1layerx124LSTMunits)-essentia-gtzan(validated)-1","grekow2021mu","   JOURNAL OF INTELLIGENT INFORMATION SYSTEMS"," multi  ","regression",324,653," 5  "," essentia, marsyas  "," pretrained model, neural networks  ","essentia","rnn (1 layer x 124 lstm units)","essentia","gtzan (validated)","1","valence","r2","r2",0.458257569495584,"Grekow et al 2021","Neural Nets","MultiGenre","Engineering","Feature n > 260","Medium-large single genre/multigenre study","Feature n > 300"
"99","grekow2021mu-essentia-rnn(2layerx124LSTMunits)-essentia-gtzan(validated)-1","grekow2021mu","   JOURNAL OF INTELLIGENT INFORMATION SYSTEMS"," multi  ","regression",324,653," 5  "," essentia, marsyas  "," pretrained model, neural networks  ","essentia","rnn (2 layer x 124 lstm units)","essentia","gtzan (validated)","1","arousal","r2","r2",0.818535277187245,"Grekow et al 2021","Neural Nets","MultiGenre","Engineering","Feature n > 260","Medium-large single genre/multigenre study","Feature n > 300"
"100","grekow2021mu-essentia-rnn(2layerx124LSTMunits)-essentia-gtzan(validated)-1","grekow2021mu","   JOURNAL OF INTELLIGENT INFORMATION SYSTEMS"," multi  ","regression",324,653," 5  "," essentia, marsyas  "," pretrained model, neural networks  ","essentia","rnn (2 layer x 124 lstm units)","essentia","gtzan (validated)","1","valence","r2","r2",0.565685424949238,"Grekow et al 2021","Neural Nets","MultiGenre","Engineering","Feature n > 260","Medium-large single genre/multigenre study","Feature n > 300"
"101","grekow2021mu-essentia-rnn(1layerx248LSTMunits)-essentia-gtzan(validated)-1","grekow2021mu","   JOURNAL OF INTELLIGENT INFORMATION SYSTEMS"," multi  ","regression",324,653," 5  "," essentia, marsyas  "," pretrained model, neural networks  ","essentia","rnn (1 layer x 248 lstm units)","essentia","gtzan (validated)","1","arousal","r2","r2",0.761577310586391,"Grekow et al 2021","Neural Nets","MultiGenre","Engineering","Feature n > 260","Medium-large single genre/multigenre study","Feature n > 300"
"102","grekow2021mu-essentia-rnn(1layerx248LSTMunits)-essentia-gtzan(validated)-1","grekow2021mu","   JOURNAL OF INTELLIGENT INFORMATION SYSTEMS"," multi  ","regression",324,653," 5  "," essentia, marsyas  "," pretrained model, neural networks  ","essentia","rnn (1 layer x 248 lstm units)","essentia","gtzan (validated)","1","valence","r2","r2",0.565685424949238,"Grekow et al 2021","Neural Nets","MultiGenre","Engineering","Feature n > 260","Medium-large single genre/multigenre study","Feature n > 300"
"103","grekow2021mu-essentia-rnn(2layerx248LSTMunits)-essentia-gtzan(validated)-1","grekow2021mu","   JOURNAL OF INTELLIGENT INFORMATION SYSTEMS"," multi  ","regression",324,653," 5  "," essentia, marsyas  "," pretrained model, neural networks  ","essentia","rnn (2 layer x 248 lstm units)","essentia","gtzan (validated)","1","arousal","r2","r2",0.830662386291807,"Grekow et al 2021","Neural Nets","MultiGenre","Engineering","Feature n > 260","Medium-large single genre/multigenre study","Feature n > 300"
"104","grekow2021mu-essentia-rnn(2layerx248LSTMunits)-essentia-gtzan(validated)-1","grekow2021mu","   JOURNAL OF INTELLIGENT INFORMATION SYSTEMS"," multi  ","regression",324,653," 5  "," essentia, marsyas  "," pretrained model, neural networks  ","essentia","rnn (2 layer x 248 lstm units)","essentia","gtzan (validated)","1","valence","r2","r2",0.632455532033676,"Grekow et al 2021","Neural Nets","MultiGenre","Engineering","Feature n > 260","Medium-large single genre/multigenre study","Feature n > 300"
"105","grekow2021mu-essentia-rnn(1layerx529LSTMunits)-essentia-gtzan(validated)-1","grekow2021mu","   JOURNAL OF INTELLIGENT INFORMATION SYSTEMS"," multi  ","regression",324,653," 5  "," essentia, marsyas  "," pretrained model, neural networks  ","essentia","rnn (1 layer x 529 lstm units)","essentia","gtzan (validated)","1","arousal","r2","r2",0.781024967590665,"Grekow et al 2021","Neural Nets","MultiGenre","Engineering","Feature n > 260","Medium-large single genre/multigenre study","Feature n > 300"
"106","grekow2021mu-essentia-rnn(1layerx529LSTMunits)-essentia-gtzan(validated)-1","grekow2021mu","   JOURNAL OF INTELLIGENT INFORMATION SYSTEMS"," multi  ","regression",324,653," 5  "," essentia, marsyas  "," pretrained model, neural networks  ","essentia","rnn (1 layer x 529 lstm units)","essentia","gtzan (validated)","1","valence","r2","r2",0.53851648071345,"Grekow et al 2021","Neural Nets","MultiGenre","Engineering","Feature n > 260","Medium-large single genre/multigenre study","Feature n > 300"
"107","grekow2021mu-essentia-rnn(2layerx529LSTMunits)-essentia-gtzan(validated)-1","grekow2021mu","   JOURNAL OF INTELLIGENT INFORMATION SYSTEMS"," multi  ","regression",324,653," 5  "," essentia, marsyas  "," pretrained model, neural networks  ","essentia","rnn (2 layer x 529 lstm units)","essentia","gtzan (validated)","1","arousal","r2","r2",0.824621125123532,"Grekow et al 2021","Neural Nets","MultiGenre","Engineering","Feature n > 260","Medium-large single genre/multigenre study","Feature n > 300"
"108","grekow2021mu-essentia-rnn(2layerx529LSTMunits)-essentia-gtzan(validated)-1","grekow2021mu","   JOURNAL OF INTELLIGENT INFORMATION SYSTEMS"," multi  ","regression",324,653," 5  "," essentia, marsyas  "," pretrained model, neural networks  ","essentia","rnn (2 layer x 529 lstm units)","essentia","gtzan (validated)","1","valence","r2","r2",0.6,"Grekow et al 2021","Neural Nets","MultiGenre","Engineering","Feature n > 260","Medium-large single genre/multigenre study","Feature n > 300"
"109","grekow2021mu-essentia-rnn(1layerx124LSTMunits)-pretrainedmodel-gtzan(validated)-1","grekow2021mu","   JOURNAL OF INTELLIGENT INFORMATION SYSTEMS"," multi  ","regression",324,653," 5  "," essentia, marsyas  "," pretrained model, neural networks  ","essentia","rnn (1 layer x 124 lstm units)","pretrained model","gtzan (validated)","1","arousal","r2","r2",0.793725393319377,"Grekow et al 2021","Neural Nets","MultiGenre","Engineering","Feature n > 260","Medium-large single genre/multigenre study","Feature n > 300"
"110","grekow2021mu-essentia-rnn(1layerx124LSTMunits)-pretrainedmodel-gtzan(validated)-1","grekow2021mu","   JOURNAL OF INTELLIGENT INFORMATION SYSTEMS"," multi  ","regression",324,653," 5  "," essentia, marsyas  "," pretrained model, neural networks  ","essentia","rnn (1 layer x 124 lstm units)","pretrained model","gtzan (validated)","1","valence","r2","r2",0.591607978309962,"Grekow et al 2021","Neural Nets","MultiGenre","Engineering","Feature n > 260","Medium-large single genre/multigenre study","Feature n > 300"
"111","grekow2021mu-essentia-rnn(2layerx124LSTMunits)-pretrainedmodel-gtzan(validated)-1","grekow2021mu","   JOURNAL OF INTELLIGENT INFORMATION SYSTEMS"," multi  ","regression",324,653," 5  "," essentia, marsyas  "," pretrained model, neural networks  ","essentia","rnn (2 layer x 124 lstm units)","pretrained model","gtzan (validated)","1","arousal","r2","r2",0.854400374531753,"Grekow et al 2021","Neural Nets","MultiGenre","Engineering","Feature n > 260","Medium-large single genre/multigenre study","Feature n > 300"
"112","grekow2021mu-essentia-rnn(2layerx124LSTMunits)-pretrainedmodel-gtzan(validated)-1","grekow2021mu","   JOURNAL OF INTELLIGENT INFORMATION SYSTEMS"," multi  ","regression",324,653," 5  "," essentia, marsyas  "," pretrained model, neural networks  ","essentia","rnn (2 layer x 124 lstm units)","pretrained model","gtzan (validated)","1","valence","r2","r2",0.648074069840786,"Grekow et al 2021","Neural Nets","MultiGenre","Engineering","Feature n > 260","Medium-large single genre/multigenre study","Feature n > 300"
"113","grekow2021mu-essentia-rnn(1layerx248LSTMunits)-pretrainedmodel-gtzan(validated)-1","grekow2021mu","   JOURNAL OF INTELLIGENT INFORMATION SYSTEMS"," multi  ","regression",324,653," 5  "," essentia, marsyas  "," pretrained model, neural networks  ","essentia","rnn (1 layer x 248 lstm units)","pretrained model","gtzan (validated)","1","arousal","r2","r2",0.824621125123532,"Grekow et al 2021","Neural Nets","MultiGenre","Engineering","Feature n > 260","Medium-large single genre/multigenre study","Feature n > 300"
"114","grekow2021mu-essentia-rnn(1layerx248LSTMunits)-pretrainedmodel-gtzan(validated)-1","grekow2021mu","   JOURNAL OF INTELLIGENT INFORMATION SYSTEMS"," multi  ","regression",324,653," 5  "," essentia, marsyas  "," pretrained model, neural networks  ","essentia","rnn (1 layer x 248 lstm units)","pretrained model","gtzan (validated)","1","valence","r2","r2",0.6,"Grekow et al 2021","Neural Nets","MultiGenre","Engineering","Feature n > 260","Medium-large single genre/multigenre study","Feature n > 300"
"115","grekow2021mu-essentia-rnn(2layerx248LSTMunits)-pretrainedmodel-gtzan(validated)-1","grekow2021mu","   JOURNAL OF INTELLIGENT INFORMATION SYSTEMS"," multi  ","regression",324,653," 5  "," essentia, marsyas  "," pretrained model, neural networks  ","essentia","rnn (2 layer x 248 lstm units)","pretrained model","gtzan (validated)","1","arousal","r2","r2",0.854400374531753,"Grekow et al 2021","Neural Nets","MultiGenre","Engineering","Feature n > 260","Medium-large single genre/multigenre study","Feature n > 300"
"116","grekow2021mu-essentia-rnn(2layerx248LSTMunits)-pretrainedmodel-gtzan(validated)-1","grekow2021mu","   JOURNAL OF INTELLIGENT INFORMATION SYSTEMS"," multi  ","regression",324,653," 5  "," essentia, marsyas  "," pretrained model, neural networks  ","essentia","rnn (2 layer x 248 lstm units)","pretrained model","gtzan (validated)","1","valence","r2","r2",0.678232998312527,"Grekow et al 2021","Neural Nets","MultiGenre","Engineering","Feature n > 260","Medium-large single genre/multigenre study","Feature n > 300"
"117","grekow2021mu-essentia-rnn(1layerx529LSTMunits)-pretrainedmodel-gtzan(validated)-1","grekow2021mu","   JOURNAL OF INTELLIGENT INFORMATION SYSTEMS"," multi  ","regression",324,653," 5  "," essentia, marsyas  "," pretrained model, neural networks  ","essentia","rnn (1 layer x 529 lstm units)","pretrained model","gtzan (validated)","1","arousal","r2","r2",0.830662386291807,"Grekow et al 2021","Neural Nets","MultiGenre","Engineering","Feature n > 260","Medium-large single genre/multigenre study","Feature n > 300"
"118","grekow2021mu-essentia-rnn(1layerx529LSTMunits)-pretrainedmodel-gtzan(validated)-1","grekow2021mu","   JOURNAL OF INTELLIGENT INFORMATION SYSTEMS"," multi  ","regression",324,653," 5  "," essentia, marsyas  "," pretrained model, neural networks  ","essentia","rnn (1 layer x 529 lstm units)","pretrained model","gtzan (validated)","1","valence","r2","r2",0.616441400296898,"Grekow et al 2021","Neural Nets","MultiGenre","Engineering","Feature n > 260","Medium-large single genre/multigenre study","Feature n > 300"
"119","grekow2021mu-essentia-rnn(2layerx529LSTMunits)-pretrainedmodel-gtzan(validated)-1","grekow2021mu","   JOURNAL OF INTELLIGENT INFORMATION SYSTEMS"," multi  ","regression",324,653," 5  "," essentia, marsyas  "," pretrained model, neural networks  ","essentia","rnn (2 layer x 529 lstm units)","pretrained model","gtzan (validated)","1","arousal","r2","r2",0.842614977317636,"Grekow et al 2021","Neural Nets","MultiGenre","Engineering","Feature n > 260","Medium-large single genre/multigenre study","Feature n > 300"
"120","grekow2021mu-essentia-rnn(2layerx529LSTMunits)-pretrainedmodel-gtzan(validated)-1","grekow2021mu","   JOURNAL OF INTELLIGENT INFORMATION SYSTEMS"," multi  ","regression",324,653," 5  "," essentia, marsyas  "," pretrained model, neural networks  ","essentia","rnn (2 layer x 529 lstm units)","pretrained model","gtzan (validated)","1","valence","r2","r2",0.678232998312527,"Grekow et al 2021","Neural Nets","MultiGenre","Engineering","Feature n > 260","Medium-large single genre/multigenre study","Feature n > 300"
"121","griffiths2021am-various-mlr-mixed-new-validation","griffiths2021am","   JOURNAL OF NEW MUSIC RESEARCH"," multi  ","regression",40,45," study1=44, study2 = 158  "," MIR Toolbox, Matlab Audio Analysis Library  "," Spearman correlation ranking  ","various","mlr","mixed","new","validation","arousal","r2","r2",0.841427358718505,"Griffiths et al 2021","Linear Methods","MultiGenre","Psychology","Feature n > 18 & < 260","Medium single genre/multigenre study","Feature n > 30 & < 300"
"122","griffiths2021am-various-mlr-mixed-new-validation","griffiths2021am","   JOURNAL OF NEW MUSIC RESEARCH"," multi  ","regression",40,45," study1=44, study2 = 158  "," MIR Toolbox, Matlab Audio Analysis Library  "," Spearman correlation ranking  ","various","mlr","mixed","new","validation","valence","r2","r2",0.820975030070952,"Griffiths et al 2021","Linear Methods","MultiGenre","Psychology","Feature n > 18 & < 260","Medium single genre/multigenre study","Feature n > 30 & < 300"
"123","griffiths2021am-various-mlr-mixed-new-validation-nooutliers","griffiths2021am","   JOURNAL OF NEW MUSIC RESEARCH"," multi  ","regression",40,45," study1=44, study2 = 158  "," MIR Toolbox, Matlab Audio Analysis Library  "," Spearman correlation ranking  ","various","mlr","mixed","new","validation-no outliers","arousal","r2","r2",0.921954445729289,"Griffiths et al 2021","Linear Methods","MultiGenre","Psychology","Feature n > 18 & < 260","Medium single genre/multigenre study","Feature n > 30 & < 300"
"124","griffiths2021am-various-mlr-mixed-new-validation-nooutliers","griffiths2021am","   JOURNAL OF NEW MUSIC RESEARCH"," multi  ","regression",40,45," study1=44, study2 = 158  "," MIR Toolbox, Matlab Audio Analysis Library  "," Spearman correlation ranking  ","various","mlr","mixed","new","validation-no outliers","valence","r2","r2",0.88090862182181,"Griffiths et al 2021","Linear Methods","MultiGenre","Psychology","Feature n > 18 & < 260","Medium single genre/multigenre study","Feature n > 30 & < 300"
"125","hu2017cr-various-SVR-mixed-all-1","hu2017cr","   IEEE TRANSACTIONS ON AFFECTIVE COMPUTING"," western pop, chinese pop  ","regression",2486,15," 40 per clip, 3 per clip, 15-32 per clip   "," MIR Toolbox, PsySound, Chroma Toolbox, Tempogram Toolbox  "," step-wise forward feature selection algorithm  ","various","svr","mixed","all","1","valence","r2","r2",0.435889894354067,"Hu et al 2017","Flexible Discriminants","MultiGenre","Engineering","Feature n < 18","Small single genre study","Feature n < 30"
"126","hu2017cr-various-SVR-mixed-all-2","hu2017cr","   IEEE TRANSACTIONS ON AFFECTIVE COMPUTING"," western pop, chinese pop  ","regression",2486,15," 40 per clip, 3 per clip, 15-32 per clip   "," MIR Toolbox, PsySound, Chroma Toolbox, Tempogram Toolbox  "," step-wise forward feature selection algorithm  ","various","svr","mixed","all","1","valence","r2","r2",0.346410161513775,"Hu et al 2017","Flexible Discriminants","MultiGenre","Engineering","Feature n < 18","Small single genre study","Feature n < 30"
"127","hu2017cr-various-SVR-mixed-all-3","hu2017cr","   IEEE TRANSACTIONS ON AFFECTIVE COMPUTING"," western pop, chinese pop  ","regression",2486,15," 40 per clip, 3 per clip, 15-32 per clip   "," MIR Toolbox, PsySound, Chroma Toolbox, Tempogram Toolbox  "," step-wise forward feature selection algorithm  ","various","svr","mixed","all","1","valence","r2","r2",0.346410161513775,"Hu et al 2017","Flexible Discriminants","MultiGenre","Engineering","Feature n < 18","Small single genre study","Feature n < 30"
"128","hu2017cr-various-SVR-mixed-all-4","hu2017cr","   IEEE TRANSACTIONS ON AFFECTIVE COMPUTING"," western pop, chinese pop  ","regression",2486,15," 40 per clip, 3 per clip, 15-32 per clip   "," MIR Toolbox, PsySound, Chroma Toolbox, Tempogram Toolbox  "," step-wise forward feature selection algorithm  ","various","svr","mixed","all","1","valence","r2","r2",0.509901951359279,"Hu et al 2017","Flexible Discriminants","MultiGenre","Engineering","Feature n < 18","Small single genre study","Feature n < 30"
"129","hu2017cr-various-SVR-mixed-all-1","hu2017cr","   IEEE TRANSACTIONS ON AFFECTIVE COMPUTING"," western pop, chinese pop  ","regression",2486,15," 40 per clip, 3 per clip, 15-32 per clip   "," MIR Toolbox, PsySound, Chroma Toolbox, Tempogram Toolbox  "," step-wise forward feature selection algorithm  ","various","svr","mixed","all","1","arousal","r2","r2",0.842614977317636,"Hu et al 2017","Flexible Discriminants","MultiGenre","Engineering","Feature n < 18","Small single genre study","Feature n < 30"
"130","hu2017cr-various-SVR-mixed-all-2","hu2017cr","   IEEE TRANSACTIONS ON AFFECTIVE COMPUTING"," western pop, chinese pop  ","regression",2486,15," 40 per clip, 3 per clip, 15-32 per clip   "," MIR Toolbox, PsySound, Chroma Toolbox, Tempogram Toolbox  "," step-wise forward feature selection algorithm  ","various","svr","mixed","all","1","arousal","r2","r2",0.818535277187245,"Hu et al 2017","Flexible Discriminants","MultiGenre","Engineering","Feature n < 18","Small single genre study","Feature n < 30"
"131","hu2017cr-various-SVR-mixed-all-3","hu2017cr","   IEEE TRANSACTIONS ON AFFECTIVE COMPUTING"," western pop, chinese pop  ","regression",2486,15," 40 per clip, 3 per clip, 15-32 per clip   "," MIR Toolbox, PsySound, Chroma Toolbox, Tempogram Toolbox  "," step-wise forward feature selection algorithm  ","various","svr","mixed","all","1","arousal","r2","r2",0.818535277187245,"Hu et al 2017","Flexible Discriminants","MultiGenre","Engineering","Feature n < 18","Small single genre study","Feature n < 30"
"132","hu2017cr-various-SVR-mixed-all-4","hu2017cr","   IEEE TRANSACTIONS ON AFFECTIVE COMPUTING"," western pop, chinese pop  ","regression",2486,15," 40 per clip, 3 per clip, 15-32 per clip   "," MIR Toolbox, PsySound, Chroma Toolbox, Tempogram Toolbox  "," step-wise forward feature selection algorithm  ","various","svr","mixed","all","1","arousal","r2","r2",0.836660026534076,"Hu et al 2017","Flexible Discriminants","MultiGenre","Engineering","Feature n < 18","Small single genre study","Feature n < 30"
"133","koh2023me-openSMILE-fullyconnectedNN-FreeMusicArchive-audioOnly-1","koh2023me","   SENSORS"," multi (popular songs of different genres)  ","regression",54,260," 277  "," openSMILE  "," unsure  ","openSMILE","fully connected nn","Free Music Archive","audioOnly","1","valence","r","mean",0.1314,"Koh et al 2023","Neural Nets","MultiGenre","Engineering","Feature n > 18 & < 260","Medium single genre/multigenre study","Feature n > 30 & < 300"
"134","koh2023me-openSMILE-fullyconnectedNN-FreeMusicArchive-audioOnly-1","koh2023me","   SENSORS"," multi (popular songs of different genres)  ","regression",54,260," 277  "," openSMILE  "," unsure  ","openSMILE","fully connected nn","Free Music Archive","audioOnly","1","arousal","r","mean",0.3507,"Koh et al 2023","Neural Nets","MultiGenre","Engineering","Feature n > 18 & < 260","Medium single genre/multigenre study","Feature n > 30 & < 300"
"135","koh2023me-openSMILE-longshorttermmemoryNN-FreeMusicArchive-audioOnly-1","koh2023me","   SENSORS"," multi (popular songs of different genres)  ","regression",54,260," 277  "," openSMILE  "," unsure  ","openSMILE","long short term memory nn","Free Music Archive","audioOnly","1","valence","r","mean",0.0599,"Koh et al 2023","Neural Nets","MultiGenre","Engineering","Feature n > 18 & < 260","Medium single genre/multigenre study","Feature n > 30 & < 300"
"136","koh2023me-openSMILE-longshorttermmemoryNN-FreeMusicArchive-audioOnly-1","koh2023me","   SENSORS"," multi (popular songs of different genres)  ","regression",54,260," 277  "," openSMILE  "," unsure  ","openSMILE","long short term memory nn","Free Music Archive","audioOnly","1","arousal","r","mean",0.2992,"Koh et al 2023","Neural Nets","MultiGenre","Engineering","Feature n > 18 & < 260","Medium single genre/multigenre study","Feature n > 30 & < 300"
"137","markov2014mu-marsyas-svm-mediaeval-mfcc-1","markov2014mu","   IEEE Access"," multi (pop of various genres)  ","regression",744,388," 100  "," Marsyas  "," none  ","marsyas","svm","mediaeval","mfcc","1","arousal","r2","mean",0.793725393319377,"Markov et al 2014","Flexible Discriminants","MultiGenre","Engineering","Feature n > 260","Medium single genre/multigenre study","Feature n > 300"
"138","markov2014mu-marsyas-svm-mediaeval-mfcc-1","markov2014mu","   IEEE Access"," multi (pop of various genres)  ","regression",744,388," 100  "," Marsyas  "," none  ","marsyas","svm","mediaeval","mfcc","1","valence","r2","mean",0.596657355607052,"Markov et al 2014","Flexible Discriminants","MultiGenre","Engineering","Feature n > 260","Medium single genre/multigenre study","Feature n > 300"
"139","markov2014mu-marsyas-svm-mediaeval-mfcctimbre-1","markov2014mu","   IEEE Access"," multi (pop of various genres)  ","regression",744,388," 100  "," Marsyas  "," none  ","marsyas","svm","mediaeval","mfcc timbre","1","arousal","r2","mean",0.793725393319377,"Markov et al 2014","Flexible Discriminants","MultiGenre","Engineering","Feature n > 260","Medium single genre/multigenre study","Feature n > 300"
"140","markov2014mu-marsyas-svm-mediaeval-mfcctimbre-1","markov2014mu","   IEEE Access"," multi (pop of various genres)  ","regression",744,388," 100  "," Marsyas  "," none  ","marsyas","svm","mediaeval","mfcc timbre","1","valence","r2","mean",0.594978991225741,"Markov et al 2014","Flexible Discriminants","MultiGenre","Engineering","Feature n > 260","Medium single genre/multigenre study","Feature n > 300"
"141","markov2014mu-marsyas-svm-mediaeval-mfcctimbrespectralCrestspectralFlatness-1","markov2014mu","   IEEE Access"," multi (pop of various genres)  ","regression",744,388," 100  "," Marsyas  "," none  ","marsyas","svm","mediaeval","mfcc timbre spectralCrest spectralFlatness ","1","arousal","r2","mean",0.828251169633946,"Markov et al 2014","Flexible Discriminants","MultiGenre","Engineering","Feature n > 260","Medium single genre/multigenre study","Feature n > 300"
"142","markov2014mu-marsyas-svm-mediaeval-mfcctimbrespectralCrestspectralFlatness-1","markov2014mu","   IEEE Access"," multi (pop of various genres)  ","regression",744,388," 100  "," Marsyas  "," none  ","marsyas","svm","mediaeval","mfcc timbre spectralCrest spectralFlatness ","1","valence","r2","mean",0.6308724118235,"Markov et al 2014","Flexible Discriminants","MultiGenre","Engineering","Feature n > 260","Medium single genre/multigenre study","Feature n > 300"
"143","markov2014mu-marsyas-svm-mediaeval-mfcctimbrespectralCrestspectralFlatnesschromagramlineSpectralPairs-1","markov2014mu","   IEEE Access"," multi (pop of various genres)  ","regression",744,388," 100  "," Marsyas  "," none  ","marsyas","svm","mediaeval","mfcc timbre spectralCrest spectralFlatness  chromagram  lineSpectralPairs","1","arousal","r2","mean",0.766159252375118,"Markov et al 2014","Flexible Discriminants","MultiGenre","Engineering","Feature n > 260","Medium single genre/multigenre study","Feature n > 300"
"144","markov2014mu-marsyas-svm-mediaeval-mfcctimbrespectralCrestspectralFlatnesschromagramlineSpectralPairs-1","markov2014mu","   IEEE Access"," multi (pop of various genres)  ","regression",744,388," 100  "," Marsyas  "," none  ","marsyas","svm","mediaeval","mfcc timbre spectralCrest spectralFlatness  chromagram  lineSpectralPairs","1","valence","r2","mean",0.583952052826257,"Markov et al 2014","Flexible Discriminants","MultiGenre","Engineering","Feature n > 260","Medium single genre/multigenre study","Feature n > 300"
"145","markov2014mu-marsyas-gaussianprocessregression-mediaeval-mfcc-1","markov2014mu","   IEEE Access"," multi (pop of various genres)  ","regression",744,388," 100  "," Marsyas  "," none  ","marsyas","gaussian process regression","mediaeval","mfcc","1","arousal","r2","mean",0.789303490426845,"Markov et al 2014","Linear Methods","MultiGenre","Engineering","Feature n > 260","Medium single genre/multigenre study","Feature n > 300"
"146","markov2014mu-marsyas-gaussianprocessregression-mediaeval-mfcc-1","markov2014mu","   IEEE Access"," multi (pop of various genres)  ","regression",744,388," 100  "," Marsyas  "," none  ","marsyas","gaussian process regression","mediaeval","mfcc","1","valence","r2","mean",0.568330889535313,"Markov et al 2014","Linear Methods","MultiGenre","Engineering","Feature n > 260","Medium single genre/multigenre study","Feature n > 300"
"147","markov2014mu-marsyas-gaussianprocessregression-mediaeval-mfcctimbre-1","markov2014mu","   IEEE Access"," multi (pop of various genres)  ","regression",744,388," 100  "," Marsyas  "," none  ","marsyas","gaussian process regression","mediaeval","mfcc timbre","1","arousal","r2","mean",0.796241169495775,"Markov et al 2014","Linear Methods","MultiGenre","Engineering","Feature n > 260","Medium single genre/multigenre study","Feature n > 300"
"148","markov2014mu-marsyas-gaussianprocessregression-mediaeval-mfcctimbre-1","markov2014mu","   IEEE Access"," multi (pop of various genres)  ","regression",744,388," 100  "," Marsyas  "," none  ","marsyas","gaussian process regression","mediaeval","mfcc timbre","1","valence","r2","mean",0.58309518948453,"Markov et al 2014","Linear Methods","MultiGenre","Engineering","Feature n > 260","Medium single genre/multigenre study","Feature n > 300"
"149","markov2014mu-marsyas-gaussianprocessregression-mediaeval-mfcctimbrespectralCrestspectralFlatness-1","markov2014mu","   IEEE Access"," multi (pop of various genres)  ","regression",744,388," 100  "," Marsyas  "," none  ","marsyas","gaussian process regression","mediaeval","mfcc timbre spectralCrest spectralFlatness ","1","arousal","r2","mean",0.813019064967114,"Markov et al 2014","Linear Methods","MultiGenre","Engineering","Feature n > 260","Medium single genre/multigenre study","Feature n > 300"
"150","markov2014mu-marsyas-gaussianprocessregression-mediaeval-mfcctimbrespectralCrestspectralFlatness-1","markov2014mu","   IEEE Access"," multi (pop of various genres)  ","regression",744,388," 100  "," Marsyas  "," none  ","marsyas","gaussian process regression","mediaeval","mfcc timbre spectralCrest spectralFlatness ","1","valence","r2","mean",0.625299928034539,"Markov et al 2014","Linear Methods","MultiGenre","Engineering","Feature n > 260","Medium single genre/multigenre study","Feature n > 300"
"151","markov2014mu-marsyas-gaussianprocessregression-mediaeval-mfcctimbrespectralCrestspectralFlatnesschromagramlineSpectralPairs-1","markov2014mu","   IEEE Access"," multi (pop of various genres)  ","regression",744,388," 100  "," Marsyas  "," none  ","marsyas","gaussian process regression","mediaeval","mfcc timbre spectralCrest spectralFlatness  chromagram  lineSpectralPairs","1","arousal","r2","mean",0.815475321515005,"Markov et al 2014","Linear Methods","MultiGenre","Engineering","Feature n > 260","Medium single genre/multigenre study","Feature n > 300"
"152","markov2014mu-marsyas-gaussianprocessregression-mediaeval-mfcctimbrespectralCrestspectralFlatnesschromagramlineSpectralPairs-1","markov2014mu","   IEEE Access"," multi (pop of various genres)  ","regression",744,388," 100  "," Marsyas  "," none  ","marsyas","gaussian process regression","mediaeval","mfcc timbre spectralCrest spectralFlatness  chromagram  lineSpectralPairs","1","valence","r2","mean",0.664830805543786,"Markov et al 2014","Linear Methods","MultiGenre","Engineering","Feature n > 260","Medium single genre/multigenre study","Feature n > 300"
"153","orjesek2022en-OpenSMILE-CNN-BidirectionalGatedRecurrenceUnit-audio-deam-1","orjesek2022en","   MULTIMEDIA TOOLS AND APPLICATIONS"," multi (pop of various genres)  ","regression",431,260," Minimum annotations per piece: 2013-14: 10; 2015: 5 MTurk workers (100 qualified workers for MediaEval)  "," OpenSMILE   "," deep-learning study  ","OpenSMILE","cnn-bidirectional gated recurrence unit","audio","deam","1","arousal","pcc","mean",0.63,"Orjesek et al 2022","Neural Nets","MultiGenre","Engineering","Feature n > 18 & < 260","Medium single genre/multigenre study","Feature n > 30 & < 300"
"154","orjesek2022en-OpenSMILE-CNN-BidirectionalGatedRecurrenceUnit-audio-deam-1","orjesek2022en","   MULTIMEDIA TOOLS AND APPLICATIONS"," multi (pop of various genres)  ","regression",431,260," Minimum annotations per piece: 2013-14: 10; 2015: 5 MTurk workers (100 qualified workers for MediaEval)  "," OpenSMILE   "," deep-learning study  ","OpenSMILE","cnn-bidirectional gated recurrence unit","audio","deam","1","valence","pcc","mean",0.618,"Orjesek et al 2022","Neural Nets","MultiGenre","Engineering","Feature n > 18 & < 260","Medium single genre/multigenre study","Feature n > 30 & < 300"
"155","orjesek2022en-OpenSMILE-CNN-IterativeReconstruction-CNN-BidirectionalGatedRecurrenceUnit-audio-deam-1","orjesek2022en","   MULTIMEDIA TOOLS AND APPLICATIONS"," multi (pop of various genres)  ","regression",431,260," Minimum annotations per piece: 2013-14: 10; 2015: 5 MTurk workers (100 qualified workers for MediaEval)  "," OpenSMILE   "," deep-learning study  ","OpenSMILE","cnn-iterative reconstruction-cnn-bidirectional gated recurrence unit","audio","deam","1","arousal","pcc","mean",0.66,"Orjesek et al 2022","Neural Nets","MultiGenre","Engineering","Feature n > 18 & < 260","Medium single genre/multigenre study","Feature n > 30 & < 300"
"156","orjesek2022en-OpenSMILE-CNN-IterativeReconstruction-CNN-BidirectionalGatedRecurrenceUnit-audio-deam-1","orjesek2022en","   MULTIMEDIA TOOLS AND APPLICATIONS"," multi (pop of various genres)  ","regression",431,260," Minimum annotations per piece: 2013-14: 10; 2015: 5 MTurk workers (100 qualified workers for MediaEval)  "," OpenSMILE   "," deep-learning study  ","OpenSMILE","cnn-iterative reconstruction-cnn-bidirectional gated recurrence unit","audio","deam","1","valence","pcc","mean",0.637,"Orjesek et al 2022","Neural Nets","MultiGenre","Engineering","Feature n > 18 & < 260","Medium single genre/multigenre study","Feature n > 30 & < 300"
"157","saizclar2022pr-MIRToolbox-MLR-onsetcurves-1-1","saizclar2022pr","   PSYCHOLOGY OF MUSIC"," classical  ","regression",40,22," 16  "," MIRToolbox  "," correlation significance, PCA  ","MIRToolbox","mlr","onset curves","1","1","arousal","r2","r2",0.73280283842245,"Saizclar et al 2022","Linear Methods","SingleGenre","Psychology","Feature n > 18 & < 260","Medium single genre/multigenre study","Feature n < 30"
"158","saizclar2022pr-MIRToolbox-MLR-onsetcurves-1-1","saizclar2022pr","   PSYCHOLOGY OF MUSIC"," classical  ","regression",40,22," 16  "," MIRToolbox  "," correlation significance, PCA  ","MIRToolbox","mlr","onset curves","1","1","valence","r2","r2",0.46690470119715,"Saizclar et al 2022","Linear Methods","SingleGenre","Psychology","Feature n > 18 & < 260","Medium single genre/multigenre study","Feature n < 30"
"159","wang2021ac-MIRToolbox-PLSR-timbre-western-1","wang2021ac","   FRONTIERS IN PSYCHOLOGY"," chinese, western classical  ","regression",48,18," 160  "," MIRToolbox, Timbre Toolbox  "," PLSR  ","MIRToolbox","plsr","timbre","western","1","arousal","r2","r2",0.836660026534076,"Wang et al 2021","Linear Methods","MultiGenre","Psychology","Feature n < 18","Medium single genre/multigenre study","Feature n < 30"
"160","wang2021ac-MIRToolbox-PLSR-timbre-western-1","wang2021ac","   FRONTIERS IN PSYCHOLOGY"," chinese, western classical  ","regression",48,18," 160  "," MIRToolbox, Timbre Toolbox  "," PLSR  ","MIRToolbox","plsr","timbre","western","1","valence","r2","r2",0.692820323027551,"Wang et al 2021","Linear Methods","MultiGenre","Psychology","Feature n < 18","Medium single genre/multigenre study","Feature n < 30"
"161","wang2021ac-MIRToolbox-PLSR-timbre-chinese-1","wang2021ac","   FRONTIERS IN PSYCHOLOGY"," chinese, western classical  ","regression",48,18," 160  "," MIRToolbox, Timbre Toolbox  "," PLSR  ","MIRToolbox","plsr","timbre","chinese","1","arousal","r2","r2",0.818535277187245,"Wang et al 2021","Linear Methods","MultiGenre","Psychology","Feature n < 18","Medium single genre/multigenre study","Feature n < 30"
"162","wang2021ac-MIRToolbox-PLSR-timbre-chinese-1","wang2021ac","   FRONTIERS IN PSYCHOLOGY"," chinese, western classical  ","regression",48,18," 160  "," MIRToolbox, Timbre Toolbox  "," PLSR  ","MIRToolbox","plsr","timbre","chinese","1","valence","r2","r2",0.741619848709566,"Wang et al 2021","Linear Methods","MultiGenre","Psychology","Feature n < 18","Medium single genre/multigenre study","Feature n < 30"
"163","wang2022co-various-extremelyrandomizedtreeregression-mixed(localoptimal)-western-1","wang2022co","   Applied Sciences (Switzerland)"," chinese, western pop  ","regression",938,557," c(emoMusic = 'min. 10 per excerpt' (100 qualified raters), soundtracks = 116 university students (12 expert musicologists in pilot), chinese = 20)  "," MIRToolbox, Essentia  "," StandardScaler, Min-MaxScaler, MaxAbsScaler, Quantile Transformer Uniform distribution (QTU), Quantile Transformer with Gaussian distribution (QTG)  ","various","extremely randomized tree regression","mixed (local optimal)","western","1","arousal","r2","r2",0.748331477354788,"Wang et al 2022","Random Forests","MultiGenre","Engineering","Feature n > 260","Medium-large single genre/multigenre study","Feature n > 300"
"164","wang2022co-various-extremelyrandomizedtreeregression-mixed(localoptimal)-western-1","wang2022co","   Applied Sciences (Switzerland)"," chinese, western pop  ","regression",938,557," c(emoMusic = 'min. 10 per excerpt' (100 qualified raters), soundtracks = 116 university students (12 expert musicologists in pilot), chinese = 20)  "," MIRToolbox, Essentia  "," StandardScaler, Min-MaxScaler, MaxAbsScaler, Quantile Transformer Uniform distribution (QTU), Quantile Transformer with Gaussian distribution (QTG)  ","various","extremely randomized tree regression","mixed (local optimal)","western","1","valence","r2","r2",0.820975030070952,"Wang et al 2022","Random Forests","MultiGenre","Engineering","Feature n > 260","Medium-large single genre/multigenre study","Feature n > 300"
"165","wang2022co-various-extremelyrandomizedtreeregression-mixed(globaloptimal)-western-1","wang2022co","   Applied Sciences (Switzerland)"," chinese, western pop  ","regression",938,557," c(emoMusic = 'min. 10 per excerpt' (100 qualified raters), soundtracks = 116 university students (12 expert musicologists in pilot), chinese = 20)  "," MIRToolbox, Essentia  "," StandardScaler, Min-MaxScaler, MaxAbsScaler, Quantile Transformer Uniform distribution (QTU), Quantile Transformer with Gaussian distribution (QTG)  ","various","extremely randomized tree regression","mixed (global optimal)","western","1","arousal","r2","r2",0.756306816047561,"Wang et al 2022","Random Forests","MultiGenre","Engineering","Feature n > 260","Medium-large single genre/multigenre study","Feature n > 300"
"166","wang2022co-various-extremelyrandomizedtreeregression-mixed(globaloptimal)-western-1","wang2022co","   Applied Sciences (Switzerland)"," chinese, western pop  ","regression",938,557," c(emoMusic = 'min. 10 per excerpt' (100 qualified raters), soundtracks = 116 university students (12 expert musicologists in pilot), chinese = 20)  "," MIRToolbox, Essentia  "," StandardScaler, Min-MaxScaler, MaxAbsScaler, Quantile Transformer Uniform distribution (QTU), Quantile Transformer with Gaussian distribution (QTG)  ","various","extremely randomized tree regression","mixed (global optimal)","western","1","valence","r2","r2",0.833666600026653,"Wang et al 2022","Random Forests","MultiGenre","Engineering","Feature n > 260","Medium-large single genre/multigenre study","Feature n > 300"
"167","wang2022co-various-extremelyrandomizedtreeregression-mixed(localoptimal)-chinese-1","wang2022co","   Applied Sciences (Switzerland)"," chinese, western pop  ","regression",938,557," c(emoMusic = 'min. 10 per excerpt' (100 qualified raters), soundtracks = 116 university students (12 expert musicologists in pilot), chinese = 20)  "," MIRToolbox, Essentia  "," StandardScaler, Min-MaxScaler, MaxAbsScaler, Quantile Transformer Uniform distribution (QTU), Quantile Transformer with Gaussian distribution (QTG)  ","various","extremely randomized tree regression","mixed (local optimal)","chinese","1","arousal","r2","r2",0.807465169527454,"Wang et al 2022","Random Forests","MultiGenre","Engineering","Feature n > 260","Medium-large single genre/multigenre study","Feature n > 300"
"168","wang2022co-various-extremelyrandomizedtreeregression-mixed(localoptimal)-chinese-1","wang2022co","   Applied Sciences (Switzerland)"," chinese, western pop  ","regression",938,557," c(emoMusic = 'min. 10 per excerpt' (100 qualified raters), soundtracks = 116 university students (12 expert musicologists in pilot), chinese = 20)  "," MIRToolbox, Essentia  "," StandardScaler, Min-MaxScaler, MaxAbsScaler, Quantile Transformer Uniform distribution (QTU), Quantile Transformer with Gaussian distribution (QTG)  ","various","extremely randomized tree regression","mixed (local optimal)","chinese","1","valence","r2","r2",0.779102047231298,"Wang et al 2022","Random Forests","MultiGenre","Engineering","Feature n > 260","Medium-large single genre/multigenre study","Feature n > 300"
"169","wang2022co-various-extremelyrandomizedtreeregression-mixed(globaloptimal)-chinese-1","wang2022co","   Applied Sciences (Switzerland)"," chinese, western pop  ","regression",938,557," c(emoMusic = 'min. 10 per excerpt' (100 qualified raters), soundtracks = 116 university students (12 expert musicologists in pilot), chinese = 20)  "," MIRToolbox, Essentia  "," StandardScaler, Min-MaxScaler, MaxAbsScaler, Quantile Transformer Uniform distribution (QTU), Quantile Transformer with Gaussian distribution (QTG)  ","various","extremely randomized tree regression","mixed (global optimal)","chinese","1","arousal","r2","r2",0.820365772079747,"Wang et al 2022","Random Forests","MultiGenre","Engineering","Feature n > 260","Medium-large single genre/multigenre study","Feature n > 300"
"170","wang2022co-various-extremelyrandomizedtreeregression-mixed(globaloptimal)-chinese-1","wang2022co","   Applied Sciences (Switzerland)"," chinese, western pop  ","regression",938,557," c(emoMusic = 'min. 10 per excerpt' (100 qualified raters), soundtracks = 116 university students (12 expert musicologists in pilot), chinese = 20)  "," MIRToolbox, Essentia  "," StandardScaler, Min-MaxScaler, MaxAbsScaler, Quantile Transformer Uniform distribution (QTU), Quantile Transformer with Gaussian distribution (QTG)  ","various","extremely randomized tree regression","mixed (global optimal)","chinese","1","valence","r2","r2",0.788035532193822,"Wang et al 2022","Random Forests","MultiGenre","Engineering","Feature n > 260","Medium-large single genre/multigenre study","Feature n > 300"
"171","wang2022cr-various-pls-mixed-chineseClassicalEnsembles-1","wang2022cr","   COGNITIVE COMPUTATION AND SYSTEMS"," multi  ","regression",146,15," 30  "," ppmBatch, MIRToolbox, expert annotation  "," PCA","various","pls","mixed","chineseClassicalEnsembles","1","valence","r2","r2",0.921954445729289,"Wang et al 2022","Linear Methods","MultiGenre","Engineering","Feature n < 18","Small single genre study","Feature n < 30"
"172","wang2022cr-various-pls-mixed-chineseClassicalEnsembles-1","wang2022cr","   COGNITIVE COMPUTATION AND SYSTEMS"," multi  ","regression",146,15," 30  "," ppmBatch, MIRToolbox, expert annotation  "," PCA","various","pls","mixed","chineseClassicalEnsembles","1","arousal","r2","r2",0.953939201416946,"Wang et al 2022","Linear Methods","MultiGenre","Engineering","Feature n < 18","Small single genre study","Feature n < 30"
"173","wang2022cr-various-pls-mixed-chineseClassicalSolo-1","wang2022cr","   COGNITIVE COMPUTATION AND SYSTEMS"," multi  ","regression",146,15," 30  "," ppmBatch, MIRToolbox, expert annotation  "," PCA","various","pls","mixed","chineseClassicalSolo","1","valence","r2","r2",0.8,"Wang et al 2022","Linear Methods","MultiGenre","Engineering","Feature n < 18","Small single genre study","Feature n < 30"
"174","wang2022cr-various-pls-mixed-chineseClassicalSolo-1","wang2022cr","   COGNITIVE COMPUTATION AND SYSTEMS"," multi  ","regression",146,15," 30  "," ppmBatch, MIRToolbox, expert annotation  "," PCA","various","pls","mixed","chineseClassicalSolo","1","arousal","r2","r2",0.871779788708135,"Wang et al 2022","Linear Methods","MultiGenre","Engineering","Feature n < 18","Small single genre study","Feature n < 30"
"175","wang2022cr-various-pls-mixed-westernClassicalEnsembles-1","wang2022cr","   COGNITIVE COMPUTATION AND SYSTEMS"," multi  ","regression",146,15," 30  "," ppmBatch, MIRToolbox, expert annotation  "," PCA","various","pls","mixed","westernClassicalEnsembles","1","valence","r2","r2",0.787400787401181,"Wang et al 2022","Linear Methods","MultiGenre","Engineering","Feature n < 18","Small single genre study","Feature n < 30"
"176","wang2022cr-various-pls-mixed-westernClassicalEnsembles-1","wang2022cr","   COGNITIVE COMPUTATION AND SYSTEMS"," multi  ","regression",146,15," 30  "," ppmBatch, MIRToolbox, expert annotation  "," PCA","various","pls","mixed","westernClassicalEnsembles","1","arousal","r2","r2",0.9,"Wang et al 2022","Linear Methods","MultiGenre","Engineering","Feature n < 18","Small single genre study","Feature n < 30"
"177","wang2022cr-various-pls-mixed-westernClassicalSolo-1","wang2022cr","   COGNITIVE COMPUTATION AND SYSTEMS"," multi  ","regression",146,15," 30  "," ppmBatch, MIRToolbox, expert annotation  "," PCA","various","pls","mixed","westernClassicalSolo","1","valence","r2","r2",0.894427190999916,"Wang et al 2022","Linear Methods","MultiGenre","Engineering","Feature n < 18","Small single genre study","Feature n < 30"
"178","wang2022cr-various-pls-mixed-westernClassicalSolo-1","wang2022cr","   COGNITIVE COMPUTATION AND SYSTEMS"," multi  ","regression",146,15," 30  "," ppmBatch, MIRToolbox, expert annotation  "," PCA","various","pls","mixed","westernClassicalSolo","1","arousal","r2","r2",0.948683298050514,"Wang et al 2022","Linear Methods","MultiGenre","Engineering","Feature n < 18","Small single genre study","Feature n < 30"
"179","xie2020mu-openSMILE-pls-baselinefeatures-100songs-1","xie2020mu","   APPLIED SCIENCES-BASEL"," multi (pop of different genres)  ","regression",744,3000," 10 per clip (100 qualified workers)  "," openSMILE  "," Sinusoidal Transform Coding  ","openSMILE","pls","baseline features","100songs","1","arousal","r","r",0.785,"Xie et al 2020","Linear Methods","MultiGenre","Engineering","Feature n > 260","Huge multigenre study","Feature n > 300"
"180","xie2020mu-openSMILE-pls-baselinefeatures-100songs-1","xie2020mu","   APPLIED SCIENCES-BASEL"," multi (pop of different genres)  ","regression",744,3000," 10 per clip (100 qualified workers)  "," openSMILE  "," Sinusoidal Transform Coding  ","openSMILE","pls","baseline features","100songs","1","valence","r","r",0.601,"Xie et al 2020","Linear Methods","MultiGenre","Engineering","Feature n > 260","Huge multigenre study","Feature n > 300"
"181","xie2020mu-openSMILE-pls-stc-100songs-1","xie2020mu","   APPLIED SCIENCES-BASEL"," multi (pop of different genres)  ","regression",744,3000," 10 per clip (100 qualified workers)  "," openSMILE  "," Sinusoidal Transform Coding  ","openSMILE","pls","stc","100songs","1","arousal","r","r",0.775,"Xie et al 2020","Linear Methods","MultiGenre","Engineering","Feature n > 260","Huge multigenre study","Feature n > 300"
"182","xie2020mu-openSMILE-pls-stc-100songs-1","xie2020mu","   APPLIED SCIENCES-BASEL"," multi (pop of different genres)  ","regression",744,3000," 10 per clip (100 qualified workers)  "," openSMILE  "," Sinusoidal Transform Coding  ","openSMILE","pls","stc","100songs","1","valence","r","r",0.6,"Xie et al 2020","Linear Methods","MultiGenre","Engineering","Feature n > 260","Huge multigenre study","Feature n > 300"
"183","xie2020mu-openSMILE-pls-baselinefeaturesandstc-100songs-1","xie2020mu","   APPLIED SCIENCES-BASEL"," multi (pop of different genres)  ","regression",744,3000," 10 per clip (100 qualified workers)  "," openSMILE  "," Sinusoidal Transform Coding  ","openSMILE","pls","baseline features and stc","100songs","1","arousal","r","r",0.793,"Xie et al 2020","Linear Methods","MultiGenre","Engineering","Feature n > 260","Huge multigenre study","Feature n > 300"
"184","xie2020mu-openSMILE-pls-baselinefeaturesandstc-100songs-1","xie2020mu","   APPLIED SCIENCES-BASEL"," multi (pop of different genres)  ","regression",744,3000," 10 per clip (100 qualified workers)  "," openSMILE  "," Sinusoidal Transform Coding  ","openSMILE","pls","baseline features and stc","100songs","1","valence","r","r",0.63,"Xie et al 2020","Linear Methods","MultiGenre","Engineering","Feature n > 260","Huge multigenre study","Feature n > 300"
"185","xie2020mu-openSMILE-pcr-baselinefeatures-100songs-1","xie2020mu","   APPLIED SCIENCES-BASEL"," multi (pop of different genres)  ","regression",744,3000," 10 per clip (100 qualified workers)  "," openSMILE  "," Sinusoidal Transform Coding  ","openSMILE","pcr","baseline features","100songs","1","arousal","r","r",0.781,"Xie et al 2020","Linear Methods","MultiGenre","Engineering","Feature n > 260","Huge multigenre study","Feature n > 300"
"186","xie2020mu-openSMILE-pcr-baselinefeatures-100songs-1","xie2020mu","   APPLIED SCIENCES-BASEL"," multi (pop of different genres)  ","regression",744,3000," 10 per clip (100 qualified workers)  "," openSMILE  "," Sinusoidal Transform Coding  ","openSMILE","pcr","baseline features","100songs","1","valence","r","r",0.612,"Xie et al 2020","Linear Methods","MultiGenre","Engineering","Feature n > 260","Huge multigenre study","Feature n > 300"
"187","xie2020mu-openSMILE-pcr-stc-100songs-1","xie2020mu","   APPLIED SCIENCES-BASEL"," multi (pop of different genres)  ","regression",744,3000," 10 per clip (100 qualified workers)  "," openSMILE  "," Sinusoidal Transform Coding  ","openSMILE","pcr","stc","100songs","1","arousal","r","r",0.77,"Xie et al 2020","Linear Methods","MultiGenre","Engineering","Feature n > 260","Huge multigenre study","Feature n > 300"
"188","xie2020mu-openSMILE-pcr-stc-100songs-1","xie2020mu","   APPLIED SCIENCES-BASEL"," multi (pop of different genres)  ","regression",744,3000," 10 per clip (100 qualified workers)  "," openSMILE  "," Sinusoidal Transform Coding  ","openSMILE","pcr","stc","100songs","1","valence","r","r",0.585,"Xie et al 2020","Linear Methods","MultiGenre","Engineering","Feature n > 260","Huge multigenre study","Feature n > 300"
"189","xie2020mu-openSMILE-pcr-baselinefeaturesandstc-100songs-1","xie2020mu","   APPLIED SCIENCES-BASEL"," multi (pop of different genres)  ","regression",744,3000," 10 per clip (100 qualified workers)  "," openSMILE  "," Sinusoidal Transform Coding  ","openSMILE","pcr","baseline features and stc","100songs","1","arousal","r","r",0.793,"Xie et al 2020","Linear Methods","MultiGenre","Engineering","Feature n > 260","Huge multigenre study","Feature n > 300"
"190","xie2020mu-openSMILE-pcr-baselinefeaturesandstc-100songs-1","xie2020mu","   APPLIED SCIENCES-BASEL"," multi (pop of different genres)  ","regression",744,3000," 10 per clip (100 qualified workers)  "," openSMILE  "," Sinusoidal Transform Coding  ","openSMILE","pcr","baseline features and stc","100songs","1","valence","r","r",0.634,"Xie et al 2020","Linear Methods","MultiGenre","Engineering","Feature n > 260","Huge multigenre study","Feature n > 300"
"191","xie2020mu-openSMILE-feedforwardNN-baselinefeatures-100songs-1","xie2020mu","   APPLIED SCIENCES-BASEL"," multi (pop of different genres)  ","regression",744,3000," 10 per clip (100 qualified workers)  "," openSMILE  "," Sinusoidal Transform Coding  ","openSMILE","feedforwardnn","baseline features","100songs","1","arousal","r","r",0.732,"Xie et al 2020","Neural Nets","MultiGenre","Engineering","Feature n > 260","Huge multigenre study","Feature n > 300"
"192","xie2020mu-openSMILE-feedforwardNN-baselinefeatures-100songs-1","xie2020mu","   APPLIED SCIENCES-BASEL"," multi (pop of different genres)  ","regression",744,3000," 10 per clip (100 qualified workers)  "," openSMILE  "," Sinusoidal Transform Coding  ","openSMILE","feedforwardnn","baseline features","100songs","1","valence","r","r",0.57,"Xie et al 2020","Neural Nets","MultiGenre","Engineering","Feature n > 260","Huge multigenre study","Feature n > 300"
"193","xie2020mu-openSMILE-feedforwardNN-stc-100songs-1","xie2020mu","   APPLIED SCIENCES-BASEL"," multi (pop of different genres)  ","regression",744,3000," 10 per clip (100 qualified workers)  "," openSMILE  "," Sinusoidal Transform Coding  ","openSMILE","feedforwardnn","stc","100songs","1","arousal","r","r",0.73,"Xie et al 2020","Neural Nets","MultiGenre","Engineering","Feature n > 260","Huge multigenre study","Feature n > 300"
"194","xie2020mu-openSMILE-feedforwardNN-stc-100songs-1","xie2020mu","   APPLIED SCIENCES-BASEL"," multi (pop of different genres)  ","regression",744,3000," 10 per clip (100 qualified workers)  "," openSMILE  "," Sinusoidal Transform Coding  ","openSMILE","feedforwardnn","stc","100songs","1","valence","r","r",0.551,"Xie et al 2020","Neural Nets","MultiGenre","Engineering","Feature n > 260","Huge multigenre study","Feature n > 300"
"195","xie2020mu-openSMILE-feedforwardNN-baselinefeaturesandstc-100songs-1","xie2020mu","   APPLIED SCIENCES-BASEL"," multi (pop of different genres)  ","regression",744,3000," 10 per clip (100 qualified workers)  "," openSMILE  "," Sinusoidal Transform Coding  ","openSMILE","feedforwardnn","baseline features and stc","100songs","1","arousal","r","r",0.754,"Xie et al 2020","Neural Nets","MultiGenre","Engineering","Feature n > 260","Huge multigenre study","Feature n > 300"
"196","xie2020mu-openSMILE-feedforwardNN-baselinefeaturesandstc-100songs-1","xie2020mu","   APPLIED SCIENCES-BASEL"," multi (pop of different genres)  ","regression",744,3000," 10 per clip (100 qualified workers)  "," openSMILE  "," Sinusoidal Transform Coding  ","openSMILE","feedforwardnn","baseline features and stc","100songs","1","valence","r","r",0.609,"Xie et al 2020","Neural Nets","MultiGenre","Engineering","Feature n > 260","Huge multigenre study","Feature n > 300"
"197","xu2021us-librosa-randomforestregression-audio-psic3839-1","xu2021us","   PEERJ COMPUTER SCIENCE"," chinese pop  ","regression",2372,499," 87  "," librosa  "," PCA, later grid parameter search  ","librosa","random forest regression","audio","psic3839","1","arousal","r2","mean",0.793095202355934,"Xu et al 2021","Random Forests","SingleGenre","Engineering","Feature n > 260","Medium single genre/multigenre study","Feature n > 300"
"198","xu2021us-librosa-randomforestregression-audio-psic3839-1","xu2021us","   PEERJ COMPUTER SCIENCE"," chinese pop  ","regression",2372,499," 87  "," librosa  "," PCA, later grid parameter search  ","librosa","random forest regression","audio","psic3839","1","valence","r2","mean",0.609097693313642,"Xu et al 2021","Random Forests","SingleGenre","Engineering","Feature n > 260","Medium single genre/multigenre study","Feature n > 300"
"199","zhang2019us-marsyas-NuSVR-music-xing2014-1","zhang2019us","   FRONTIERS OF INFORMATION TECHNOLOGY \& ELECTRONIC ENGINEERING"," chinese folk  ","regression",420,64," 21  "," marsyas  "," ANOVA, PCA. PCA may not be relevant to music-only model  ","marsyas","nusvr","music","xing2014","1","arousal","cc","cc",0.425,"Zhang et al 2019","Flexible Discriminants","SingleGenre","Engineering","Feature n > 18 & < 260","Medium single genre/multigenre study","Feature n > 30 & < 300"
"200","zhang2019us-marsyas-NuSVR-music-xing2014-1","zhang2019us","   FRONTIERS OF INFORMATION TECHNOLOGY \& ELECTRONIC ENGINEERING"," chinese folk  ","regression",420,64," 21  "," marsyas  "," ANOVA, PCA. PCA may not be relevant to music-only model  ","marsyas","nusvr","music","xing2014","1","valence","cc","cc",0.42,"Zhang et al 2019","Flexible Discriminants","SingleGenre","Engineering","Feature n > 18 & < 260","Medium single genre/multigenre study","Feature n > 30 & < 300"
"201","zhang2023mo-ns-MCAN-handcraftedandfilterbank-deam-1","zhang2023mo","   MULTIMEDIA TOOLS AND APPLICATIONS"," pop, multi (pop of various genres)  ","regression",744,60," DEAM: at least 10 per piece, PMEmo: 457  "," filter bank output (size = 120*120), 60 handcrafted features (size = 60*60). Cite  DEAM (Aljanaki et al., 2017)  "," weighted attention module, feature augmentation  ","ns","mcan","handcrafted and filter bank","deam","1","valence","ccc","mean",0.309,"Zhang et al 2023","Neural Nets","MultiGenre","Engineering","Feature n > 18 & < 260","Medium single genre/multigenre study","Feature n > 30 & < 300"
"202","zhang2023mo-ns-MCAN-handcraftedandfilterbank-deam-1","zhang2023mo","   MULTIMEDIA TOOLS AND APPLICATIONS"," pop, multi (pop of various genres)  ","regression",744,60," DEAM: at least 10 per piece, PMEmo: 457  "," filter bank output (size = 120*120), 60 handcrafted features (size = 60*60). Cite  DEAM (Aljanaki et al., 2017)  "," weighted attention module, feature augmentation  ","ns","mcan","handcrafted and filter bank","deam","1","arousal","ccc","mean",0.502,"Zhang et al 2023","Neural Nets","MultiGenre","Engineering","Feature n > 18 & < 260","Medium single genre/multigenre study","Feature n > 30 & < 300"
"203","zhang2023mo-ns-MCAN-handcraftedandfilterbank-PMEmo-1","zhang2023mo","   MULTIMEDIA TOOLS AND APPLICATIONS"," pop, multi (pop of various genres)  ","regression",744,60," DEAM: at least 10 per piece, PMEmo: 457  "," filter bank output (size = 120*120), 60 handcrafted features (size = 60*60). Cite  DEAM (Aljanaki et al., 2017)  "," weighted attention module, feature augmentation  ","ns","mcan"," handcrafted and filter bank","PMEmo","1","valence","ccc","mean",0.215,"Zhang et al 2023","Neural Nets","MultiGenre","Engineering","Feature n > 18 & < 260","Medium single genre/multigenre study","Feature n > 30 & < 300"
"204","zhang2023mo-ns-MCAN-handcraftedandfilterbank-PMEmo-1","zhang2023mo","   MULTIMEDIA TOOLS AND APPLICATIONS"," pop, multi (pop of various genres)  ","regression",744,60," DEAM: at least 10 per piece, PMEmo: 457  "," filter bank output (size = 120*120), 60 handcrafted features (size = 60*60). Cite  DEAM (Aljanaki et al., 2017)  "," weighted attention module, feature augmentation  ","ns","mcan"," handcrafted and filter bank","PMEmo","1","arousal","ccc","mean",0.401,"Zhang et al 2023","Neural Nets","MultiGenre","Engineering","Feature n > 18 & < 260","Medium single genre/multigenre study","Feature n > 30 & < 300"
